product_id,name,category,price,inventory_count,last_updated
72e7411a-3a0a-0594-af3d-a3bf6577abcc,Essential Item 0001,Food,572.85,9511,2026-02-18
4a13cc53-2dff-bfa1-7057-1aa69a641dd7,Pro Set 0002,Home,664.42,1607,2026-01-31
039e20df-c748-d457-4c72-12a88fcb515b,Pro Unit 0003,Food,789.89,7823,2026-02-06
e3631abc-13ae-53ab-1d04-f208c22fe648,Deluxe Item 0004,Electronics,372.76,6941,2026-02-09
477302f6-7d10-1990-50ac-b48a353e5de4,Premium Gadget 0005,Beauty,164.88,8524,2026-02-13
a97c8a8d-aa5a-b7af-f69b-06e8b4e5ec43,Basic Bundle 0006,Beauty,564.56,2774,2026-02-24
05dd9fe5-3e9c-3c62-4682-2f0b9143612d,Essential Unit 0007,Food,78.34,4911,2026-02-13
ba239ff0-089d-77a3-6f38-6a176a4a3cc1,Modern Unit 0008,Electronics,269.41,4003,2026-03-01
5fc358b9-fec1-94dc-1549-1e6e4cb906ce,Essential Item 0009,Electronics,865.41,8846,2026-02-17
9233b084-d52c-70d1-2f62-2bffed531939,Basic Gadget 0010,Clothing,43.44,6867,2026-02-17
103960bb-0d05-e368-379f-b7ea3f4c0d5e,Basic Gadget 0011,Clothing,783.37,9826,2026-02-02
cbd6ae6c-9fde-6311-e3ae-24bcd49668eb,Deluxe Pack 0012,Beauty,726.54,4650,2026-02-19
169c342b-dfc5-995f-e96b-d16d63253bc9,Pro Kit 0013,Food,99.02,6221,2026-02-07
11efe222-ecf9-960a-e1df-fd8885749074,Premium Gadget 0014,Books,663.34,6958,2026-02-17
77885b8b-cceb-58ff-4b92-f8008294d059,Pro Set 0015,Beauty,15.72,1293,2026-02-05
2cd68011-2bed-50ea-2c16-b2c8f3581bf4,Essential Kit 0016,Electronics,661.79,3848,2026-02-15
c2216acd-15d1-410c-751b-f7af5955824c,Basic Widget 0017,Books,111.28,2925,2026-02-23
1ae7532b-8dda-039c-3b6d-847e69082c40,Modern Pack 0018,Sports,623.47,4253,2026-02-12
2c4a91da-8399-3bbb-3ab7-83e41dbe6606,Deluxe Set 0019,Food,449.06,2762,2026-02-04
57575678-c433-24e8-cfa0-edf69baa2cb1,Basic Item 0020,Clothing,687.03,699,2026-03-02
757395b1-6124-4f31-bc40-ea23a3660d35,Basic Gadget 0021,Home,506.95,3966,2026-02-26
998518a2-3272-2af9-4982-579aa0fed793,Premium Bundle 0022,Clothing,280.57,7216,2026-02-26
0aba8723-3fdf-8f54-67be-9b52738006f1,Classic Bundle 0023,Books,494.40,9847,2026-02-08
caf2a35b-4d07-b41b-533b-e22f67a9cb07,Pro Pack 0024,Food,415.33,4174,2026-02-14
cc1567ac-1b0a-4376-0786-0b7b087fff6d,Basic Unit 0025,Beauty,893.27,7589,2026-02-06
c2a14d74-4792-7194-c04f-e364f575b0df,Ultra Bundle 0026,Food,567.42,5588,2026-01-31
1f7a1c85-a9d7-f5c3-7949-93dac38622eb,Essential Bundle 0027,Food,441.48,2723,2026-02-24
24b336eb-7baf-fac5-de4d-3cfdc76e690f,Deluxe Kit 0028,Sports,131.18,4600,2026-02-02
c6cb655f-a897-7193-8307-e70a024c0e86,Ultra Set 0029,Toys,650.65,1120,2026-02-23
72e64cdd-c24a-91ad-8e16-16ed5a1addbc,Classic Bundle 0030,Sports,180.19,3202,2026-02-21
722cc247-bd44-afe6-d780-57bf24858685,Basic Kit 0031,Food,397.34,270,2026-02-02
c6497ac6-c67c-6771-b6d8-303b963228c4,Ultra Set 0032,Beauty,317.91,1296,2026-02-19
1d0aca8f-a56a-1f41-3b74-279ae53741ba,Pro Widget 0033,Clothing,668.13,4284,2026-02-27
cd382b1d-c323-eb05-af12-c57b4ba8500d,Modern Gadget 0034,Electronics,769.43,5332,2026-02-03
c84a10c1-3e03-eebd-254f-5f236e66d63c,Essential Gadget 0035,Electronics,497.54,5842,2026-02-09
1f44994c-ae86-176d-2c72-4c6fc3facde2,Ultra Unit 0036,Beauty,355.57,542,2026-02-16
bd520610-fb37-625c-70f2-027b61f01d24,Pro Bundle 0037,Home,617.93,3345,2026-02-03
f8e1916c-2d1f-204f-e4f8-3c5435e4d1f1,Classic Item 0038,Food,492.27,3836,2026-02-02
b0f3a366-6604-a50e-dcc4-2a9ca27b3f67,Ultra Bundle 0039,Clothing,245.35,7449,2026-01-31
f6b5338c-9882-3e2a-a828-e9dce7592921,Pro Item 0040,Toys,345.41,249,2026-02-09
bb422b60-c7b5-63ec-dc01-9a0dd5323f58,Classic Pack 0041,Clothing,559.47,1454,2026-02-12
85c1b8a6-894e-4195-2605-b6d7f31598c4,Premium Kit 0042,Beauty,814.92,19,2026-02-19
343543c4-db68-0ca8-dd93-c4e5beef7159,Classic Item 0043,Home,977.33,5074,2026-02-09
18b5a760-9991-5701-5bef-cf22ad07c0b6,Basic Pack 0044,Home,734.06,1907,2026-02-17
3b68ba0f-f447-3d90-fabb-49bb2fb8499f,Deluxe Set 0045,Food,125.67,7829,2026-02-22
62bb9732-9d61-e78c-c37d-b957275080c4,Ultra Bundle 0046,Home,736.08,8513,2026-02-15
ccf4686a-ac6b-4fc3-8da2-8209449b00d4,Basic Widget 0047,Books,308.50,5780,2026-03-01
550a435e-ad28-6a52-4012-3e5f867ded93,Pro Set 0048,Books,382.40,7279,2026-02-17
64a4691b-b61b-b997-9183-2c129ba6df89,Modern Set 0049,Sports,594.75,2969,2026-02-05
017f857c-bd65-7678-eacd-1f47c7fb01f3,Pro Kit 0050,Beauty,27.39,5601,2026-02-15
9490f8d6-3d29-b974-3b82-1c7b266c8452,Premium Gadget 0051,Books,759.42,4518,2026-03-02
1bac3b1d-5e76-7779-1323-c5451200fe17,Classic Widget 0052,Clothing,407.95,6375,2026-02-28
aa312712-4e06-abed-402d-d7a6321e5fd4,Pro Unit 0053,Clothing,944.17,6053,2026-03-01
f9d999f3-0b78-a50b-47dd-179c681d8d93,Pro Pack 0054,Clothing,340.45,5692,2026-02-21
906efe60-cead-bce4-bd8f-e7e878820226,Ultra Kit 0055,Home,815.33,1238,2026-03-02
72492007-f8a1-9d7c-1049-c2bbdbda64d6,Essential Widget 0056,Clothing,152.35,5131,2026-02-26
383449f1-15d5-f588-a498-d43a47dcfa0b,Basic Widget 0057,Clothing,685.71,5999,2026-02-17
ed0a6ced-7581-ea40-2c0c-71389c65e1f3,Basic Pack 0058,Electronics,829.06,7024,2026-02-24
069cbfeb-5190-1ea7-0068-1c3b44890ca7,Ultra Unit 0059,Beauty,74.21,388,2026-02-17
c2cb8d7d-f87c-26e6-303a-7aee5925602f,Ultra Widget 0060,Toys,611.21,727,2026-02-11
76bcb152-eb58-fe03-60b0-5c583d312386,Modern Widget 0061,Books,629.02,3341,2026-02-09
d221147b-4a49-0623-b247-c1a46b7e5398,Classic Pack 0062,Home,789.71,9376,2026-02-25
8de6813b-30e4-30f2-b206-b8a9cd5ff973,Modern Bundle 0063,Electronics,410.88,671,2026-02-21
5baa9078-3c18-c539-962a-7a0fa444f583,Classic Set 0064,Sports,282.74,7624,2026-02-13
0ecfd226-4af9-98d1-f20f-754bd7ee5ae7,Modern Gadget 0065,Toys,940.94,6053,2026-02-04
c5dc1ae8-c01e-0393-f761-bb832c9743a0,Modern Item 0066,Food,95.52,8876,2026-02-21
b83e47a0-56ec-2f77-d006-a3cf0712cba0,Premium Pack 0067,Books,307.15,181,2026-02-06
e5f72148-5e20-3e03-e02e-674e788c57b8,Ultra Widget 0068,Food,963.47,5053,2026-02-13
516e4c9b-4868-fd75-309e-67ca4579c2bc,Pro Gadget 0069,Beauty,512.11,433,2026-02-11
fe189cfd-ec90-6281-909c-eb7e4bdf8fbe,Modern Pack 0070,Electronics,716.83,6461,2026-02-08
bc34f0cb-d39a-0a2b-bec9-55cb7b8fc1d5,Modern Pack 0071,Sports,722.52,7371,2026-02-24
83fad24c-8051-ce73-5ab7-5004aa0f396f,Deluxe Unit 0072,Home,22.17,7902,2026-02-23
d1e29eae-c94d-bf28-f092-1cedc52827cc,Basic Pack 0073,Food,341.59,4925,2026-02-19
d7a59f88-b479-092e-4fc6-8e9cab44247f,Deluxe Item 0074,Home,731.73,159,2026-01-31
6b3d3122-64a9-a8e8-5f1a-48393186c9d7,Basic Gadget 0075,Toys,87.37,3765,2026-02-23
6fd7a697-7b66-142b-6ba0-1e16a8d65b77,Pro Pack 0076,Toys,934.22,2356,2026-02-25
43550101-d098-74da-c51c-28bb54cb46bd,Modern Set 0077,Home,459.47,4291,2026-01-31
9593ee72-3f4e-ab43-5dd6-0e85d8a40bc2,Pro Item 0078,Beauty,306.95,8533,2026-02-06
2794968e-beb5-b7a7-e410-2d5792706047,Essential Widget 0079,Clothing,260.19,4037,2026-02-20
f06e224e-8b67-f679-b908-3465e3f69b2e,Modern Item 0080,Home,920.39,9941,2026-02-06
e9cd2115-0946-6957-e47f-763e9fc14715,Essential Item 0081,Electronics,326.38,1603,2026-02-11
9c607203-7d37-bbf6-57d0-4bd64e3b8453,Ultra Gadget 0082,Electronics,852.42,7485,2026-02-12
cf246a8c-8534-0861-5e3f-57ac132abe5a,Premium Set 0083,Home,873.51,8734,2026-02-04
17c6cfa9-878c-1527-35cd-8dde57e2bbe6,Basic Gadget 0084,Food,730.54,7509,2026-02-08
91b384df-d6d5-5bdd-ae60-99f672102bca,Classic Gadget 0085,Home,466.24,5535,2026-02-03
df72c64d-c613-3d47-ba33-19089241e466,Essential Widget 0086,Sports,655.50,8712,2026-02-06
947e8ba6-82df-02c3-a930-c8767598c9e7,Pro Widget 0087,Home,798.67,9029,2026-02-03
9d95b4e5-c2ef-948e-b25e-149de78002d0,Basic Set 0088,Toys,306.82,4814,2026-02-27
f9e6bd98-992f-d6c6-6098-937acd48b5b8,Essential Item 0089,Food,318.37,6096,2026-02-01
655bbd96-3fe9-f82c-442f-61a9ba76dd06,Premium Item 0090,Books,497.43,9997,2026-02-14
d7421673-ee65-7c54-372d-2722a9ef2e09,Pro Bundle 0091,Home,187.24,6780,2026-02-13
51b83258-691f-0047-31cb-da26448781d3,Essential Item 0092,Clothing,813.99,7979,2026-02-24
201a2192-f782-e147-c80e-69167d6c4a39,Ultra Bundle 0093,Food,158.66,9530,2026-02-15
86170ecf-1aad-ca1e-59d4-3d9d30feb983,Pro Gadget 0094,Clothing,72.65,6794,2026-02-18
f7dc9b54-c083-ee00-e3d9-342f59e92f04,Basic Unit 0095,Electronics,288.64,4018,2026-03-02
f3c1d3fa-8340-9019-c105-42ce64036ee6,Premium Pack 0096,Food,85.31,8866,2026-02-25
523317c9-eeb6-e638-0e59-3ec0dcfa4a20,Pro Item 0097,Electronics,9.16,7891,2026-02-11
0b57698e-f2f3-04d7-051e-9d7b5415eb08,Deluxe Kit 0098,Beauty,667.35,9056,2026-02-23
6610744d-21e4-26e1-3b68-852b207902dd,Premium Widget 0099,Toys,514.34,8428,2026-02-02
7be1ac69-bd9b-eb4e-0678-146310fe5761,Deluxe Item 0100,Books,863.62,3627,2026-02-25
9d37ddea-42cd-0a2a-43b5-31f74a605fd9,Premium Pack 0101,Books,196.36,5284,2026-02-16
aa36392d-3e01-9c07-614f-54a1cbfa4da7,Classic Set 0102,Electronics,611.14,3138,2026-02-06
6a429fb1-b667-cb36-8517-33b316d4394e,Basic Item 0103,Food,107.38,4222,2026-02-10
b20cb03e-bff4-f5fb-4838-a469f09da40c,Deluxe Gadget 0104,Food,306.68,9763,2026-02-18
c0d7c22a-bc1a-8943-282f-c2ebf06548ec,Basic Pack 0105,Beauty,178.22,9378,2026-02-02
73f7dea9-9912-2ea4-3482-e22868b36a8d,Ultra Unit 0106,Beauty,175.73,8967,2026-02-09
74848ddb-3d89-af7c-52f6-97e167ce71f2,Ultra Gadget 0107,Clothing,760.76,5666,2026-02-20
c88dc0ff-8759-3f0c-f05a-b5228da40a10,Basic Widget 0108,Food,206.55,584,2026-02-25
92ce75c0-a8ad-d90c-d31b-c00e205693c1,Pro Bundle 0109,Beauty,907.19,2297,2026-02-12
8aad609f-c8d4-b564-ced2-9a67cff7a60d,Pro Bundle 0110,Books,12.06,1276,2026-02-25
36c32092-d41d-76f6-67da-c19bc18ecb42,Ultra Set 0111,Home,383.86,1823,2026-03-01
168f08d6-d340-0b24-58cf-e9014f7fcc42,Modern Unit 0112,Beauty,33.29,4622,2026-01-31
e184c9e7-7720-5ad3-ec56-39fcf3124b87,Deluxe Kit 0113,Books,534.61,2119,2026-02-09
efe3ad6e-9186-9e90-4e5d-c22ad907cdba,Essential Gadget 0114,Books,63.86,197,2026-02-27
02d7038a-2aaf-aa71-f44f-dcfa0ae2ef6f,Ultra Pack 0115,Toys,338.37,2967,2026-02-09
cc24d797-bacf-08d9-d80d-1061a3e1fdd2,Ultra Set 0116,Electronics,804.98,6369,2026-02-23
a02e21e6-ec77-ad24-054b-bfd40fb8af1c,Ultra Item 0117,Beauty,353.04,5287,2026-02-01
2df0036e-494e-4134-860d-4c9160ebf927,Premium Unit 0118,Toys,631.31,1331,2026-02-20
c011b0de-008d-89b6-bdec-79915e43dd6b,Deluxe Gadget 0119,Books,398.43,8682,2026-02-27
8a905382-3d73-aa2b-0a61-dcbb9f7305e1,Essential Gadget 0120,Home,104.98,9308,2026-02-21
efec35a8-de92-dfaa-3682-8afca3a17b30,Modern Set 0121,Electronics,623.39,7903,2026-02-25
f3023d9f-418e-fe8d-b9d0-3a75b1184d4c,Classic Gadget 0122,Toys,595.94,6174,2026-02-09
ce43b172-dd98-ab97-78fc-f93e67960b82,Pro Widget 0123,Electronics,308.06,4119,2026-02-01
b38511c4-0cb5-53a6-4d81-78bca639d7e5,Basic Gadget 0124,Home,971.69,8852,2026-02-19
5c482a7c-f0df-d1ca-9a1c-0f02d6a26590,Modern Widget 0125,Electronics,145.24,4764,2026-02-17
60fe85f7-699c-cfcf-e4dd-92d5f3ce2cd1,Pro Item 0126,Books,767.77,5415,2026-02-01
5a18a387-e7c5-409e-4498-bf7d352af760,Deluxe Bundle 0127,Clothing,268.37,7012,2026-02-26
1a6a4b18-b5c9-8a8b-e7a3-7eee41251820,Pro Item 0128,Sports,316.35,7011,2026-03-01
046352b1-5953-24f5-6498-8f3ef2615da9,Deluxe Pack 0129,Books,46.74,8485,2026-02-03
b9229f6d-8571-104b-de20-172835a8dfd0,Basic Gadget 0130,Food,433.48,9518,2026-02-10
caf59fc1-a0fe-8069-df79-2d4055879c51,Basic Gadget 0131,Sports,157.57,2347,2026-02-02
88d282ce-8bb7-bce6-65e1-e0267115c40b,Ultra Set 0132,Food,607.24,864,2026-02-23
106fec0a-a774-686b-64f2-01c48adbf879,Essential Bundle 0133,Sports,53.44,6211,2026-02-06
67d103e5-57ad-3bbf-9cb0-cf812334df46,Ultra Pack 0134,Home,862.66,2544,2026-02-18
10a4d467-9ffa-f4ba-2da8-05db57edd9f6,Basic Widget 0135,Toys,871.81,461,2026-02-25
62c77bff-714e-e12d-48ef-90a33e4289ce,Pro Widget 0136,Electronics,18.56,1939,2026-02-12
9c3afd1c-7237-af0a-16b1-2550cd752395,Deluxe Gadget 0137,Food,760.89,148,2026-02-06
5e432f32-ad2f-e391-136c-24d0673dc4d4,Pro Widget 0138,Books,830.22,6988,2026-02-06
2c84b448-895e-d74b-0c94-44527c2d1046,Deluxe Kit 0139,Books,923.23,3962,2026-02-03
97fd431c-ede8-d181-26bd-96208f306940,Modern Pack 0140,Toys,856.01,9658,2026-02-16
f091edbb-9006-bfe6-8268-200a164cec27,Basic Gadget 0141,Electronics,664.71,2313,2026-02-20
a730f9d2-8751-2afe-a720-87b2528f107c,Basic Set 0142,Sports,56.65,4635,2026-02-25
51d604db-66f7-8fbf-a111-b51c64fe1cb1,Pro Unit 0143,Books,212.00,3951,2026-02-08
9910874b-6dcb-96a3-0385-15667cbb5902,Essential Bundle 0144,Books,722.59,4705,2026-02-02
86d83ea2-39f7-bb41-bd20-16ab28d2cc4f,Basic Kit 0145,Beauty,617.57,5491,2026-02-10
88952e68-5279-4311-9463-1c3e11af7acc,Ultra Item 0146,Home,487.08,601,2026-02-03
3c326375-c969-248a-d506-45e2feb09617,Ultra Pack 0147,Books,387.61,5607,2026-02-22
e9a8685a-534d-55bb-90e9-afa6bfec39d9,Pro Unit 0148,Books,139.40,7153,2026-02-10
d8452163-f0da-a631-01f8-5bc9b05d5545,Pro Item 0149,Books,261.54,5247,2026-02-20
3765e4d0-0f75-a410-ecba-0494c900477d,Deluxe Kit 0150,Sports,526.01,9489,2026-02-14
47aed8cd-9212-eb3d-29ab-7618bd24267a,Essential Gadget 0151,Books,162.81,2413,2026-02-14
5af6d895-d4fa-b947-5e19-2037cdae7702,Modern Bundle 0152,Sports,436.82,1098,2026-02-01
6cfb04e3-59af-4d21-a7c0-796f96fd9a95,Pro Kit 0153,Toys,920.87,936,2026-02-11
df10d7c6-cfa1-b595-1f34-f40fbfc688ed,Classic Pack 0154,Toys,326.33,1303,2026-02-02
0f0d5f91-42ae-8186-4047-38a138024d6d,Modern Widget 0155,Toys,881.71,3924,2026-02-10
bb2b5ac2-200b-2b3d-7132-f5aadef4cd93,Modern Gadget 0156,Home,844.01,7957,2026-02-23
3eaa1da5-54af-642c-9bea-12d01e3a2c64,Deluxe Bundle 0157,Beauty,92.93,7431,2026-02-03
7d1f6e64-3a4f-ff9e-e107-27f9e7ef50bd,Basic Pack 0158,Food,100.33,548,2026-02-07
836464cb-a20e-efa7-4a16-114c55215e19,Classic Set 0159,Beauty,15.50,2492,2026-02-10
debd5a4a-d139-591c-9433-62b4cf981bc6,Modern Kit 0160,Toys,883.69,981,2026-02-10
6bc378cb-689c-0fc2-83d6-97951f378009,Classic Widget 0161,Electronics,140.22,9802,2026-02-16
fe11b7c2-372a-4e51-ae25-b4539833f3e1,Deluxe Pack 0162,Beauty,809.34,6616,2026-02-09
afe2bf19-0af3-afb0-1172-02720985af3b,Ultra Set 0163,Clothing,487.45,8245,2026-02-08
95c23503-34eb-685c-da11-dd9757544892,Premium Bundle 0164,Toys,592.78,575,2026-02-23
e44ff910-670b-e6e8-3ec2-3eaabfd64e5a,Classic Kit 0165,Electronics,507.99,9948,2026-01-31
2dafb2c1-c44f-1306-055e-d1e383e5123e,Pro Unit 0166,Home,300.21,4255,2026-02-16
7c41bdc7-562b-a2e0-6779-0b8d053afa4c,Essential Set 0167,Beauty,444.50,3085,2026-02-24
f893cb76-7cd5-e6cb-6667-fd7e85d13e1a,Ultra Gadget 0168,Food,61.22,6810,2026-02-23
078ff602-988e-4fc9-9c1f-c44d4c2e9de8,Deluxe Unit 0169,Food,720.72,6233,2026-02-13
ab52ad6e-5a22-c20e-30f5-5333bc634c67,Pro Gadget 0170,Home,45.13,8150,2026-02-17
15d2c156-7b50-b91c-ee84-820e3ce798b4,Deluxe Unit 0171,Beauty,681.42,8206,2026-01-31
318eeb02-13a1-5658-2a48-c15a17b46598,Premium Unit 0172,Clothing,607.06,7729,2026-02-06
aac54600-3ae0-52c2-85f4-7526f9805a3d,Pro Widget 0173,Home,104.80,9300,2026-02-18
4d415ba9-de7e-49fa-f755-9658ca65b0a2,Classic Kit 0174,Clothing,82.63,7947,2026-02-26
ff0e8912-6d1a-7577-847c-6342f9193577,Premium Set 0175,Beauty,772.82,8177,2026-02-20
44446ded-084e-0ad2-992e-464fd2782b55,Essential Pack 0176,Toys,109.63,4684,2026-02-17
392015cd-4d4d-4010-22a5-feb761555d75,Deluxe Pack 0177,Clothing,901.26,367,2026-02-24
d190d5b9-8844-d252-257d-f858dea6fd1e,Basic Kit 0178,Sports,936.02,194,2026-02-22
09abf3b8-aaf8-3512-ed22-acb0e1c6166b,Essential Kit 0179,Home,535.30,880,2026-02-26
b5404cb7-e7f1-1795-88ac-5d13366788b5,Essential Unit 0180,Home,661.77,1257,2026-02-19
75d3263b-592e-78f0-18e9-88c69adcdfaa,Pro Pack 0181,Electronics,447.53,6188,2026-02-10
7ea6c72c-1c52-7491-1db8-95d3caad52c7,Pro Item 0182,Beauty,312.96,727,2026-02-10
907af5ed-cdf9-1b5a-d65e-6d204de6c9d6,Pro Unit 0183,Sports,99.71,7041,2026-01-31
4878f53a-c044-165e-c8e3-76a2da4fdd32,Ultra Gadget 0184,Home,476.95,1809,2026-02-17
97f36525-9667-6669-2034-a739664e6f38,Essential Bundle 0185,Beauty,367.54,6108,2026-02-16
63b091b9-dd2a-1afa-5df9-5bc7b1ee52eb,Essential Pack 0186,Beauty,666.02,2952,2026-02-17
868fc2da-4ee6-716a-13aa-8aeae2d9d1d0,Premium Bundle 0187,Clothing,518.06,2620,2026-02-09
ebc8c615-de00-2ff3-759c-eae1c91d2279,Premium Widget 0188,Electronics,774.31,3107,2026-02-18
1c707d52-273d-83a3-dfcf-f1bb185bb945,Classic Bundle 0189,Clothing,623.24,8785,2026-02-16
152380d5-daa8-13f1-5a2e-e4130d276340,Essential Gadget 0190,Beauty,965.64,8478,2026-02-14
7a3c8a5a-c0f7-633b-b5d7-b077ac7580d5,Classic Widget 0191,Home,966.71,9560,2026-02-04
cafa820f-bf09-0957-038c-8b55a6ed0770,Premium Kit 0192,Electronics,300.49,9402,2026-02-07
9f803080-193a-bf14-1f44-9dd6b5a9ecd5,Ultra Unit 0193,Toys,113.11,6752,2026-02-11
cd8131c0-4413-2856-843e-a39a6f51b49e,Modern Kit 0194,Books,82.39,935,2026-02-28
43397cd8-c741-ecf3-79e3-46cc09a92d7c,Pro Unit 0195,Sports,500.91,8948,2026-02-21
cf7df1fe-3f77-160c-1556-99152041d983,Premium Unit 0196,Clothing,854.22,1430,2026-02-03
71a8b4ec-9348-af3f-38eb-aec364202d14,Basic Gadget 0197,Beauty,127.80,3488,2026-02-21
2a69f078-8cb8-4df6-12ed-2d3a4d8a88e1,Ultra Bundle 0198,Books,879.80,6806,2026-02-24
f1f165ca-0d53-af42-1e42-563530ede685,Modern Gadget 0199,Food,242.82,6790,2026-02-23
c9dfc75a-857a-a478-5f97-a193ffb875ab,Pro Pack 0200,Toys,483.56,5530,2026-02-02
88caaa4b-0bd8-ba2c-db25-df1a90b90da3,Premium Kit 0201,Electronics,78.94,160,2026-02-02
ff0b2768-b059-c794-8475-7257b378ad7a,Premium Set 0202,Books,697.92,6301,2026-03-02
50f7244b-cf10-4f4b-1040-e2771e0034c9,Premium Pack 0203,Clothing,986.49,9526,2026-02-27
954c2657-c593-e7c6-dd4f-9ba30baf33f9,Classic Item 0204,Food,883.58,2680,2026-02-28
ee221c71-442d-666e-4d96-46dc113b2b39,Modern Widget 0205,Sports,912.32,2465,2026-02-27
e8213c4d-8166-f8a1-d8ba-5ce588803a0f,Premium Widget 0206,Books,708.52,6134,2026-02-22
e6fb3b7b-73ad-6412-3cf5-0de94f07b2fc,Modern Kit 0207,Beauty,145.74,2766,2026-02-07
7479e4b5-6441-61c1-8b6f-d72dd25de7df,Premium Pack 0208,Food,644.23,6697,2026-02-01
3ba919b2-1f76-b9c3-d97c-b34ff4253727,Basic Item 0209,Books,748.35,3117,2026-02-19
a3884fa9-b0ba-8d59-3004-51ea6e8084bf,Ultra Set 0210,Sports,265.72,8531,2026-02-28
dcf42d50-4da0-5de1-ea90-a0c1328b94d0,Modern Bundle 0211,Electronics,763.65,1751,2026-02-21
a4283aa3-f28e-3a31-608c-821fffe95225,Pro Bundle 0212,Food,882.46,1400,2026-02-25
ec45967c-8a1b-3f81-6792-33868ab1875b,Pro Kit 0213,Home,670.73,5383,2026-02-03
c8e1c1ef-483f-e885-ac75-9d955e431a00,Essential Set 0214,Books,330.74,3510,2026-02-10
c8de3801-b8b3-5de2-95b4-b5c603e32b31,Premium Item 0215,Books,726.99,8228,2026-02-09
08ca3799-e8cb-fbfc-dd42-693de1075042,Modern Bundle 0216,Home,313.79,6640,2026-02-05
b8a1e4fb-b3a4-15b1-8b9a-dcd6a16a3261,Basic Gadget 0217,Clothing,912.86,1997,2026-02-25
17085240-d95a-c68c-0a46-45b5acea4346,Essential Item 0218,Electronics,563.70,4902,2026-02-12
f8b119d7-31ed-33f9-6c6a-0dc5c813d84b,Pro Set 0219,Toys,199.29,510,2026-02-19
201a1619-3441-b3dc-1a8b-ae7b110bbb47,Basic Set 0220,Sports,921.98,8125,2026-02-11
daee3c62-545d-740a-d63e-f05906491da3,Essential Pack 0221,Sports,721.14,4371,2026-02-09
2e3ee40b-4acf-acda-9db6-d2c2d8aace34,Basic Set 0222,Home,812.90,7361,2026-02-28
41683d86-c236-1110-b915-5fed986d1f42,Classic Unit 0223,Toys,490.95,5598,2026-02-12
98c5a0a4-55fd-7c32-11f2-52035a503783,Essential Set 0224,Food,15.88,5946,2026-02-11
56581c32-8188-dcfe-97d4-5832fb670681,Modern Unit 0225,Food,960.08,6065,2026-02-04
e9f6bc46-0f45-3fb4-8bd4-5e8519a8fde2,Basic Pack 0226,Home,740.75,27,2026-02-21
43e2a542-1103-7dc1-1e66-4d91195d0638,Modern Gadget 0227,Electronics,915.36,9158,2026-02-22
6c65c8c9-d1d2-4f3c-d832-adc3fe7e78b9,Pro Widget 0228,Clothing,393.14,2410,2026-02-06
3703b440-b55b-0e0e-253d-b6cb07b19343,Essential Set 0229,Sports,719.37,179,2026-02-25
9aa55d15-d4c1-53ef-4396-e0a5f66043cc,Deluxe Widget 0230,Electronics,719.41,9667,2026-02-27
eac7a9d1-b297-1c17-b167-337835e21047,Premium Kit 0231,Home,815.75,3061,2026-02-27
f2994e0c-24f1-8e0d-be95-eaabc6215baf,Premium Set 0232,Food,447.60,9054,2026-03-02
8129e4aa-7784-0f6e-d373-0c213a4bc20e,Essential Unit 0233,Sports,524.96,5235,2026-02-17
452cedc3-3b7f-3a21-e792-63c6239a7a2b,Essential Set 0234,Home,67.83,3073,2026-02-27
09af5227-bdf4-da66-aec1-9a1227dca7d4,Premium Widget 0235,Sports,983.54,4140,2026-02-02
a1e74d20-981a-f01e-75d0-623e33bf923d,Pro Pack 0236,Toys,366.59,7532,2026-02-28
89afcbbd-1369-06a7-606e-ad474314d0a3,Classic Pack 0237,Clothing,525.86,2,2026-02-25
45f31923-c0bb-6879-234f-0c1785549b7b,Classic Set 0238,Home,738.50,2844,2026-02-02
332e08c7-c0a8-ee0a-d79b-2516a5b65cd5,Classic Unit 0239,Toys,705.10,2066,2026-02-04
1dbfceae-558e-8724-5b04-9d125b702126,Classic Item 0240,Books,443.66,6920,2026-02-19
b8dd386a-f63f-31f7-8ecd-de33ea3e948e,Classic Unit 0241,Sports,55.16,7024,2026-02-12
5874c0ef-3746-0c0e-497f-b51ebaa909e8,Pro Bundle 0242,Books,892.68,3034,2026-02-22
94d2be34-4374-8dbd-99ab-1c4c73a06e94,Ultra Widget 0243,Clothing,603.70,4992,2026-02-06
7e00c80f-5992-a9ee-73ac-bb6249021329,Basic Bundle 0244,Electronics,93.36,346,2026-02-01
488e0d76-f9ea-27d2-83e6-69cebf347095,Pro Set 0245,Toys,58.59,9420,2026-02-13
c848ac0c-36da-8542-8636-936a45a93e81,Ultra Pack 0246,Clothing,171.44,8985,2026-02-22
82562c2e-f3e1-7611-97e9-836a0da21e29,Essential Pack 0247,Sports,278.37,7732,2026-02-26
c444930c-ade6-fa01-e26d-e1972140fcb5,Classic Item 0248,Sports,560.69,8440,2026-02-13
d23b063b-db37-b604-a47c-af7830cf7c21,Premium Gadget 0249,Books,563.01,5277,2026-02-06
007c1ede-d3f0-acee-fd68-3f05a9351374,Modern Kit 0250,Toys,778.25,5637,2026-02-24
bf64f303-e8a9-60ad-f637-cbcecd66cf33,Ultra Widget 0251,Food,28.44,1076,2026-02-02
9c86ef65-08da-a1ec-4c9f-8696c9a17f56,Basic Bundle 0252,Sports,720.71,7078,2026-02-21
d1655506-558a-647d-a465-186ac9b36380,Ultra Gadget 0253,Electronics,810.59,3914,2026-02-07
d1f6568c-0e44-9cf0-8aa2-351efa143e10,Pro Set 0254,Toys,6.16,4672,2026-02-15
414a8bdc-9154-aa53-7fff-a7522d213d1f,Ultra Bundle 0255,Beauty,458.63,7237,2026-02-17
30015457-730d-ac60-f85b-7194832e505c,Classic Kit 0256,Sports,283.77,8778,2026-02-14
f86dcb00-6f11-a8eb-441b-e6f649717671,Basic Unit 0257,Books,795.85,376,2026-02-02
8a058ef4-bcd3-584c-a1b2-2144a816183c,Classic Widget 0258,Books,664.92,1746,2026-02-24
6923f8ac-0bb9-5831-da7c-ed57b243a541,Deluxe Set 0259,Sports,131.88,2058,2026-01-31
2a6a4fee-a82d-cc81-b7a4-a30dd5ab8522,Modern Bundle 0260,Home,725.44,4828,2026-02-18
1e8fd3bf-53da-9b0c-06ae-05d8fa502ded,Premium Pack 0261,Home,241.50,7553,2026-02-17
3ff7f0fe-5a6c-ab3f-54ec-8d13e70d2d07,Classic Unit 0262,Home,222.76,8052,2026-02-19
d3386f0b-11c2-772e-b1ef-f318af92fecd,Ultra Pack 0263,Beauty,934.10,8904,2026-02-09
bc27b62b-31eb-ddc2-0547-ac29dda5a602,Pro Set 0264,Books,138.57,9014,2026-02-05
39f575ea-01a6-776b-0550-285f8422ebc7,Modern Kit 0265,Toys,672.09,2192,2026-02-27
0486b60c-0500-1881-8e8d-2d64ceab0d50,Premium Widget 0266,Sports,197.71,1406,2026-02-18
f5afbaff-5530-20e8-9a0a-58edef5955b9,Classic Kit 0267,Toys,456.97,9467,2026-02-03
b3513356-8a1e-39f7-d355-1b5481b586aa,Premium Widget 0268,Home,680.20,689,2026-02-12
3b177a67-94df-d39b-ffb8-9e4aee8b2307,Classic Kit 0269,Books,508.03,3957,2026-03-01
c4619824-9306-1abe-b0bd-09be682b4e66,Ultra Bundle 0270,Books,730.07,7299,2026-02-28
7919592e-9b86-2116-45e2-d03fd035a8fc,Basic Item 0271,Electronics,191.29,4130,2026-02-27
27cdae0e-20c0-c35f-c7ae-a88c10fbd3b1,Basic Set 0272,Beauty,167.14,2914,2026-02-02
bbb7a1f6-6716-3b99-696a-c2b7902a2366,Pro Set 0273,Sports,527.96,8019,2026-02-18
3e898217-1d3b-1e47-21a2-0de4ae117189,Pro Unit 0274,Food,471.54,96,2026-02-12
63520884-fb14-7ba9-2e64-310b342b5c16,Essential Gadget 0275,Clothing,210.38,2852,2026-02-15
f2c93f28-501a-8bec-b0aa-9be68eed530f,Ultra Kit 0276,Clothing,137.47,6954,2026-02-11
ba7b6aaa-7d88-31b0-2d09-28bccc4cc803,Ultra Item 0277,Food,729.67,3892,2026-02-22
8afc7724-cf4c-1bca-bb39-96bb5ef3318e,Basic Kit 0278,Home,913.56,1999,2026-02-28
8d244889-1029-0b3b-f3ac-adc9ed40cf1d,Premium Gadget 0279,Toys,462.03,8312,2026-02-20
0167ac56-1b9e-5f7e-4dce-2c6aacd0c6d1,Ultra Pack 0280,Home,832.86,6580,2026-02-09
0ea2e277-0209-3636-b5be-277e19d54207,Modern Gadget 0281,Toys,509.27,2688,2026-02-16
0973effc-22e5-1223-917c-83568d4ee5cb,Deluxe Widget 0282,Home,477.93,4855,2026-02-04
d259585f-c867-e71e-4b5a-5ee9ff8a91b7,Premium Widget 0283,Food,593.30,3031,2026-02-06
7d2bf592-13e3-58d1-5342-382c0440a70b,Basic Kit 0284,Food,725.58,8143,2026-02-13
a5209b8f-e65c-a5a2-009c-62e43eab14bd,Deluxe Pack 0285,Electronics,850.24,6287,2026-02-19
f62e06ea-c912-3e12-5004-7baf431703b1,Premium Kit 0286,Books,803.72,6164,2026-02-09
c60c5a88-5dac-5d5f-a272-ed720226c03d,Classic Bundle 0287,Toys,552.59,8082,2026-02-18
2ea3586a-02d8-8d87-66e2-bf74769263cb,Pro Set 0288,Clothing,569.97,1797,2026-02-18
aea73883-ac35-2876-484a-ce34ceac09ea,Deluxe Pack 0289,Toys,153.06,4355,2026-02-04
5ae8e561-30f1-96c3-0c65-ce552fa4e472,Premium Kit 0290,Clothing,896.32,3254,2026-02-27
296a4546-430c-9e01-775f-53691ead99db,Modern Unit 0291,Electronics,700.83,184,2026-03-01
b6b55a55-f7e1-3c60-9757-0821c223ea3d,Modern Widget 0292,Food,435.33,9176,2026-02-15
372daa9e-a265-4622-a286-b9f40757a0db,Deluxe Widget 0293,Beauty,154.68,1877,2026-02-05
b4d91a2a-ebeb-a429-148c-e6dc6b485dd3,Classic Gadget 0294,Clothing,707.27,1104,2026-02-12
89e0d4de-0cd8-2ad9-20ff-df5f25ef6ccb,Basic Unit 0295,Food,635.28,2320,2026-02-24
8f06b0bf-4982-a7f8-a996-b0acd93eac12,Premium Unit 0296,Clothing,746.66,1061,2026-02-03
f090a072-ed6e-ad7d-9ac8-cad6c79e5f5d,Essential Item 0297,Home,80.23,3582,2026-02-26
adab049a-3cf2-a2b3-ad16-9a70d83f80f0,Premium Set 0298,Toys,260.46,2936,2026-02-22
af0dbdfd-fedf-9a12-8f79-27cd7b66af98,Modern Item 0299,Toys,927.18,8917,2026-02-07
8855a88d-adec-0061-8654-5db5b6582545,Modern Kit 0300,Beauty,263.13,7276,2026-02-15
8014e8d0-6e39-58fd-7ea9-39f0782e7fbb,Deluxe Set 0301,Electronics,164.38,9227,2026-02-21
25039c4b-951c-e53f-e16d-b5e3ec64537c,Modern Widget 0302,Books,481.97,9362,2026-02-20
80e4d8f4-07c8-ada9-68a7-d57f62e973dc,Ultra Item 0303,Electronics,715.89,8023,2026-03-01
1a8a0d9e-9339-0e56-dd38-35f105dcc830,Premium Set 0304,Electronics,978.27,1602,2026-03-01
b89f7f9b-5230-1745-894a-a4127f824c8c,Ultra Widget 0305,Toys,548.45,4075,2026-02-26
e298c3ea-d18e-9efb-665b-619f9b818de2,Deluxe Item 0306,Books,539.64,3014,2026-02-09
a9425b3d-79e9-7b64-2fb6-b2800c4dd116,Basic Kit 0307,Clothing,977.74,3659,2026-02-17
5ddee37e-3a9c-521d-07cb-dc295818930a,Modern Widget 0308,Clothing,913.95,3363,2026-02-03
3f7d20bb-3714-3b70-81cf-b75c15d57cfc,Premium Set 0309,Books,147.19,4713,2026-03-01
78ff8ff3-0985-97d3-bcd1-1bc958f43a85,Pro Set 0310,Home,908.36,5399,2026-02-21
392a6619-e81f-95e6-86e4-e4b68ab578a7,Pro Widget 0311,Food,846.01,1279,2026-02-26
79841171-3f6a-0c85-f7fe-7fe10482faeb,Premium Widget 0312,Books,917.21,2200,2026-02-07
34f67a00-2aa2-d72e-d731-0b4afa6aa342,Classic Item 0313,Books,975.35,7349,2026-02-19
8020a450-e7d3-3b89-e1b2-f2814d8c2245,Modern Item 0314,Sports,88.74,7282,2026-02-08
d86d0812-e4e4-8804-3d61-b70b38b5df62,Deluxe Kit 0315,Electronics,840.94,248,2026-02-03
693e43ce-3743-18d4-aed0-6f2812050afd,Premium Pack 0316,Toys,75.65,4323,2026-02-15
997dc6ae-75c0-148e-e1e1-a04b2dae369e,Premium Set 0317,Food,626.87,6058,2026-02-24
5514ddb4-0272-bfa2-4fc2-bb14d11a4fbe,Essential Kit 0318,Clothing,660.13,1361,2026-02-02
25db8be8-a872-a5ae-77c9-eb922af95850,Ultra Item 0319,Electronics,932.45,6841,2026-01-31
7ea7e3d3-c8c4-0462-77e5-92ea8f589592,Modern Bundle 0320,Toys,275.64,5336,2026-02-23
13f54e51-c9f2-a1dd-cb9d-8804c47bc710,Ultra Pack 0321,Food,365.14,1568,2026-02-02
e7818a47-2f5f-3bc3-e658-67189b80d43e,Ultra Set 0322,Beauty,64.48,7646,2026-02-17
e6254451-de77-096f-ba0f-91b5d3a53421,Modern Set 0323,Toys,229.35,5058,2026-02-10
4dc5177d-0789-afa9-8782-34e206e9b9c9,Premium Pack 0324,Sports,369.44,3064,2026-03-02
bca78b0e-aae9-c299-bbbd-dbaa381eb1f2,Essential Widget 0325,Toys,409.79,2637,2026-02-02
29819b64-eaf8-cb2a-478b-f8ffe22eaa27,Pro Set 0326,Beauty,981.54,3532,2026-01-31
3aae685d-ad34-95dd-bdef-e18ed5bd68ed,Classic Pack 0327,Books,728.59,3183,2026-02-27
664d744b-8ed8-72ea-82c7-2bb8b41d3913,Essential Gadget 0328,Clothing,720.50,9986,2026-02-05
df261d9c-878f-33c1-18f5-ba241f22094f,Deluxe Bundle 0329,Home,569.88,5067,2026-02-21
77ae0b66-2152-4080-0d7c-b1daa1b3398f,Essential Bundle 0330,Sports,559.58,9953,2026-02-06
d5c2d06e-ae8b-2bfe-d10f-416cfe775eb9,Premium Bundle 0331,Beauty,85.51,5553,2026-01-31
15c0f8d2-c59c-6440-f924-4e11ce974bf3,Classic Set 0332,Clothing,262.81,3711,2026-02-09
e1369232-7dae-d7b4-d915-c1376cfd66b6,Classic Item 0333,Books,629.62,7272,2026-02-23
4bc579a2-c1c0-9d18-701e-79d12e36ec4c,Deluxe Unit 0334,Clothing,579.76,4430,2026-02-19
288f1195-bdda-bc6d-f848-241a6afed8c6,Pro Item 0335,Books,436.88,6913,2026-02-17
820915d2-5dce-ced3-120c-9ce531a66d23,Basic Pack 0336,Sports,320.67,9429,2026-02-05
b5c353fb-73ee-7e3c-045f-12ae5ad88291,Ultra Gadget 0337,Home,88.31,3250,2026-02-17
4d038d96-0471-66e8-193d-6e84045c0c15,Essential Pack 0338,Electronics,397.56,9693,2026-02-20
e7dc916f-507e-db7d-4d04-2f7746bf0111,Premium Bundle 0339,Clothing,543.40,6499,2026-02-04
123b2a12-e7e1-18ff-9cdf-03d95f128a08,Modern Kit 0340,Toys,513.89,4462,2026-02-05
d816bde1-5eff-8792-e816-aed0ae1035d6,Classic Set 0341,Electronics,712.31,3454,2026-02-11
00f6549a-840a-20e6-6191-2d1f029bedbd,Classic Item 0342,Sports,948.77,9840,2026-02-05
fd98939a-0455-0590-e547-b69af56842b7,Basic Widget 0343,Sports,786.77,6774,2026-02-20
63d742d7-0a7e-c68d-bbb1-3b8aed53a9df,Basic Item 0344,Clothing,568.92,1971,2026-03-02
2de63e26-8fa1-76fb-6404-221616ec4e21,Modern Set 0345,Sports,755.99,2289,2026-03-01
63115b3c-2a6f-1573-2e79-2def42db439e,Ultra Set 0346,Clothing,783.69,6929,2026-02-19
5db57e17-1d29-bdb9-c7d0-14c08b6389ef,Modern Kit 0347,Food,133.34,1499,2026-02-19
dc7b27f7-58b8-a7ed-204f-d6573b516e1b,Deluxe Set 0348,Home,536.28,1580,2026-02-12
93fb5ceb-252c-685f-5fdf-5fa7475b516c,Modern Kit 0349,Beauty,64.50,8351,2026-02-25
a534d191-3902-c417-684e-14103ee5251c,Essential Widget 0350,Electronics,795.88,9327,2026-02-10
f0383a42-003d-b7b1-ffd5-c458e92ba5e9,Pro Gadget 0351,Clothing,390.68,169,2026-02-05
128b8799-4c5c-a042-c0ad-8cc3f6c3b6e5,Essential Pack 0352,Food,780.77,1309,2026-02-20
9df08932-1dd6-6724-0a6a-12baadbe3d5c,Classic Widget 0353,Clothing,833.00,1939,2026-02-04
1730088b-3c8b-e309-bc4a-15ae89072faa,Basic Item 0354,Clothing,411.25,373,2026-02-15
af6c6382-070a-e0ba-0e5b-c3c2fb5139d0,Modern Unit 0355,Home,361.34,1250,2026-02-28
146c61a6-5e25-b414-9f46-e965609de9ff,Classic Kit 0356,Beauty,853.17,1840,2026-02-27
4715bc6f-db24-5fa5-2506-d075adfeadf1,Ultra Item 0357,Home,540.46,8203,2026-02-08
afcd885b-0299-fc52-8bb9-4907edde3bd2,Premium Kit 0358,Food,759.21,879,2026-02-10
87fb6d73-8ffd-15fd-62df-79910fd5f661,Pro Pack 0359,Home,643.47,1449,2026-02-12
267661b9-62a0-385e-f1bc-38172f11074b,Deluxe Set 0360,Toys,451.47,3877,2026-03-01
5f7f9c37-8ee7-c552-7888-6df744281ea8,Ultra Pack 0361,Electronics,878.94,4657,2026-02-01
cf3b1fb7-fb1d-800f-7029-bb3da517c8bd,Deluxe Unit 0362,Sports,69.84,6762,2026-02-27
fe53d09f-d3a3-cb17-87e1-d9f7e3040c68,Essential Set 0363,Sports,973.20,4748,2026-02-16
81a65ed2-1302-9596-a295-ec9511a3a553,Deluxe Item 0364,Home,4.18,3193,2026-02-28
8538e622-fddf-e0f4-c3bc-8131b4f6f35e,Basic Gadget 0365,Food,943.81,6863,2026-02-01
a2f8451d-bda6-52d8-69ff-89b66740f13f,Deluxe Item 0366,Food,167.62,6945,2026-02-01
f926673c-c5d8-d0bb-f9e4-0938a86b85c0,Basic Bundle 0367,Home,482.58,5788,2026-02-15
e78cd3ef-242f-23d9-fdb0-1a3075cbae63,Pro Gadget 0368,Electronics,143.91,9904,2026-01-31
4b1aba81-cfcf-9fc2-0bed-bdab9aa4dc3b,Premium Bundle 0369,Toys,919.93,3398,2026-02-08
e3a8e2d9-c41b-1589-5fc1-dbde2775386a,Deluxe Kit 0370,Home,585.17,839,2026-02-13
022cb31e-325a-8c61-13c3-298cb0518472,Deluxe Widget 0371,Electronics,808.73,7187,2026-02-16
d1b64a99-e40d-1835-6686-491db37c6af1,Modern Item 0372,Home,451.54,2037,2026-02-18
ae0ccfa4-8d37-2a48-b932-ab42ea55587c,Modern Item 0373,Books,986.65,5645,2026-02-28
5dcd340e-5884-dc67-0745-48ab45090bf6,Deluxe Kit 0374,Toys,313.74,3209,2026-02-02
029d77b3-262c-c61c-7a6b-b7903a2b232b,Premium Bundle 0375,Books,886.95,7050,2026-02-03
3df613ad-9f50-651d-3014-d441f7f0f2cf,Premium Item 0376,Food,237.82,3880,2026-02-09
f8373b54-9dd3-9aa9-c5d0-7e49f40adfef,Ultra Unit 0377,Food,639.00,582,2026-03-01
b31f6fb1-d522-846c-68f5-80c8c774eb0e,Basic Kit 0378,Sports,971.17,6107,2026-02-24
fc3b2eef-c7e7-7b7e-2525-47d0e2ae88b8,Basic Pack 0379,Sports,335.58,2141,2026-02-20
2d9c7a96-2a28-2ce9-f7be-4d9383bf4b9f,Modern Unit 0380,Books,138.84,8090,2026-01-31
db52706e-4085-b1dc-cbb9-71988714716b,Ultra Gadget 0381,Clothing,505.27,3825,2026-02-20
df2add55-16d2-9ba6-1162-745447edcb41,Pro Pack 0382,Electronics,661.45,9868,2026-02-15
fb552633-2d40-1022-7035-1f89ae825373,Pro Widget 0383,Toys,968.86,3688,2026-02-16
6a13d697-5078-0eee-c446-8a9bb04146ac,Essential Bundle 0384,Electronics,657.78,3115,2026-02-25
9ff84c3e-f130-dee1-260b-bbb656d799f9,Pro Pack 0385,Beauty,549.85,6277,2026-02-01
18baf70c-206e-0281-b969-98efa09ace37,Classic Gadget 0386,Home,124.92,1809,2026-02-21
da020d59-c7cd-b15f-db09-0a2a7b6cc059,Deluxe Kit 0387,Beauty,527.07,8075,2026-02-17
54be51ed-bffc-5474-801b-94ca92dff478,Ultra Bundle 0388,Food,718.84,51,2026-02-10
e1946e3c-830e-261d-6755-19f99c621f97,Essential Set 0389,Electronics,881.82,3726,2026-02-10
3fe6e686-94a2-314b-8e08-c55bd30660c9,Essential Pack 0390,Beauty,748.00,3726,2026-02-27
bf10cc8b-a2f3-3a29-c7b2-8e2b2fd1afc4,Classic Widget 0391,Sports,499.50,9371,2026-02-28
aba8166a-5e9e-2395-7dc9-14c5e56e159e,Essential Gadget 0392,Food,289.98,5180,2026-02-06
cae8e75b-6397-b366-adcf-7eb0a0cafe72,Ultra Item 0393,Electronics,281.35,5334,2026-02-23
17f6d7cf-6a04-34e2-3ab4-8626ab981290,Classic Kit 0394,Food,84.31,2091,2026-02-23
b9a6014d-b9a7-7272-c335-c1fb556335ac,Deluxe Gadget 0395,Sports,825.38,3712,2026-02-28
e3471ada-1e94-a280-2a2b-936adb60124d,Modern Item 0396,Food,926.30,9971,2026-02-16
b265c1ac-1aac-4b6d-d034-a8cb92596c4b,Ultra Unit 0397,Home,733.37,660,2026-02-26
285daba4-1c2c-ffc1-8375-5197ae25e175,Deluxe Pack 0398,Beauty,991.07,7836,2026-02-12
ee4ab7fa-88f3-a65d-d8e8-6c1b705a24d5,Essential Pack 0399,Food,494.50,8037,2026-02-08
da4902d7-6406-3c79-fc19-cd376cde0e53,Modern Widget 0400,Sports,319.19,6980,2026-02-27
a27d1507-d74e-7f0e-d504-252359271f97,Ultra Widget 0401,Beauty,824.26,9502,2026-02-11
0d9052f9-0035-be92-a7cd-f9d5c6c37966,Basic Unit 0402,Books,174.82,9473,2026-02-04
bd96a1d8-653a-4646-a946-3def20b9eb60,Premium Set 0403,Beauty,3.54,6851,2026-02-24
511305dc-9843-138c-51a9-f5b0f5016cfb,Pro Gadget 0404,Food,699.14,7371,2026-02-22
ac39b0df-bac2-2ea7-35e9-0ae48062e1a4,Deluxe Item 0405,Books,376.37,1554,2026-02-12
8efdd64c-0612-bab2-2e1c-9bea6182e30f,Basic Set 0406,Electronics,162.56,5315,2026-02-13
8abd9bb4-19e9-da0b-6182-b6c20eae998f,Pro Gadget 0407,Beauty,581.44,7858,2026-02-01
253b07ca-73f4-b84b-487a-c6fdbc0e5625,Pro Bundle 0408,Food,17.27,8155,2026-02-24
d75af869-672f-4cb1-7e4b-57e9e7677eac,Ultra Kit 0409,Sports,320.66,4826,2026-02-27
025f66ea-ecce-c10d-3c14-c70c3bab8154,Deluxe Pack 0410,Food,430.03,7703,2026-02-05
df0776e2-e67f-3427-9227-a7e0b8030838,Ultra Unit 0411,Food,919.02,9308,2026-02-01
6e2fc57a-07e2-4342-a792-71e6bc6d6bbe,Deluxe Unit 0412,Clothing,914.60,4707,2026-02-13
33c279b5-1800-7978-499f-6b495ef2a63a,Pro Pack 0413,Home,511.83,2908,2026-02-06
827b45ba-c7ad-9457-0358-bbf9af396eae,Ultra Bundle 0414,Clothing,123.63,2059,2026-02-17
c58b7bde-808e-24cb-4d8a-77b7a7353e19,Premium Gadget 0415,Food,946.76,6238,2026-02-25
3b9b6fc9-ac25-451c-ee66-8f32490c562d,Modern Set 0416,Books,697.23,5117,2026-02-25
2f558aca-a58c-260a-985e-a54f8abb721e,Ultra Item 0417,Sports,918.60,1627,2026-02-15
43cd60c4-28ec-a271-ee99-b81d3e91e733,Modern Item 0418,Toys,97.03,9729,2026-02-04
378cbcb4-2f75-8753-98ee-42e34302f274,Deluxe Pack 0419,Food,423.73,9603,2026-02-11
bdfe159e-eafa-cee6-dc6d-665ecb3dc5f5,Essential Pack 0420,Food,370.74,5040,2026-02-19
952ff074-4ec1-d582-d559-3c95e83183c2,Essential Unit 0421,Toys,869.14,5867,2026-03-02
d11e3cb0-2e3d-b4c7-269f-44c19a44db8e,Deluxe Set 0422,Books,7.55,3068,2026-02-18
b1b5e19e-8348-05ee-fd41-a9bf386ce909,Pro Bundle 0423,Beauty,362.84,9548,2026-02-16
59e6a857-bb74-f4ae-8acf-e0907e7f3ae6,Pro Widget 0424,Home,806.98,1795,2026-03-02
51bec303-4f80-cdbe-9e50-4687124e17a0,Basic Kit 0425,Clothing,245.17,3128,2026-02-12
31eb5f8c-40ee-17e5-b4c0-ea24c54e98f0,Pro Unit 0426,Home,13.90,4221,2026-02-05
449ab434-9519-c0f2-ecb7-f5532666aa07,Classic Pack 0427,Food,864.30,5784,2026-02-25
0e6fb064-7637-23e2-9bfd-f851190a4b01,Ultra Set 0428,Electronics,266.68,987,2026-02-10
5962a3f5-d7fc-1e4c-153d-cc0db8c15610,Modern Bundle 0429,Sports,674.68,8093,2026-01-31
5efa518b-2608-264b-21b6-a596b659215f,Essential Unit 0430,Clothing,199.91,8710,2026-02-17
23291238-76c4-5e1f-b4ac-1956591feeb4,Pro Pack 0431,Home,812.68,6741,2026-02-15
d8cee688-c04d-fb6d-4a7d-e09059aeed57,Classic Bundle 0432,Beauty,732.70,2138,2026-02-01
297feae6-aed0-75e1-da33-bbbd68154d26,Basic Unit 0433,Beauty,820.16,1079,2026-02-21
9aaa3e2e-cd91-9389-6ed2-584206789b5a,Basic Item 0434,Food,665.37,5687,2026-03-02
f7ea6a68-12e2-53f6-29c3-4d8c6856cc68,Ultra Widget 0435,Food,39.61,5889,2026-02-05
4ed88716-bd73-d39b-170f-28ae1c9c1a17,Modern Unit 0436,Clothing,605.92,2517,2026-02-12
8731f730-cf39-0323-e927-990445ac1133,Classic Pack 0437,Food,363.28,4710,2026-02-11
eb89afd7-4969-c3dc-7785-9dd4e8db7fbe,Ultra Widget 0438,Food,260.67,5845,2026-02-08
e91678e8-dbbf-bae5-03fb-0a0a6c83bf37,Pro Kit 0439,Books,73.11,3049,2026-02-04
e02e09a0-88c0-03e8-7a44-89a4410534a7,Pro Set 0440,Beauty,792.28,7072,2026-02-18
24965e50-bf24-a4f6-ac3e-ca8104f2a64e,Basic Widget 0441,Food,898.69,9948,2026-02-21
28f91112-a1ae-c062-d3bc-318282490bbc,Ultra Widget 0442,Clothing,269.09,8597,2026-02-06
e55b9291-34bd-e0b9-19d6-9f99a4c1e914,Classic Set 0443,Books,180.10,665,2026-02-11
b094cf49-7b22-1c4f-39b1-58c9c6f14ca4,Premium Bundle 0444,Toys,979.14,7012,2026-02-24
9bcb7446-6086-4fd5-51e4-66e6bbfcbfdd,Basic Item 0445,Beauty,973.44,6065,2026-02-26
040623c7-43f8-fad1-058d-2a827e175cdb,Ultra Kit 0446,Books,603.54,2618,2026-02-09
a1b809de-f756-2741-532b-adfc6c330e32,Modern Item 0447,Home,306.42,4420,2026-02-19
bbec5ccb-6fc7-beb2-5326-3caba5d265b4,Modern Pack 0448,Clothing,388.32,6691,2026-02-22
d50014af-def0-1466-2331-bfb620018ad6,Premium Set 0449,Clothing,137.25,203,2026-02-07
59ad6455-85d5-c397-0c40-002b02390c07,Modern Widget 0450,Electronics,280.95,9099,2026-02-25
c36e8852-a871-e0fe-7372-b3afa9ee94b5,Pro Item 0451,Food,751.80,9392,2026-02-05
972b7972-70f8-ddc4-1139-3a2ce97be815,Pro Pack 0452,Books,522.25,9859,2026-02-07
4a93e9aa-2b79-4b97-d0bc-aa486874d84b,Classic Pack 0453,Food,664.68,77,2026-02-28
921f11be-512f-d4c3-f40a-d451788873e0,Deluxe Unit 0454,Home,88.69,8253,2026-02-06
2e2ff9da-6cea-4565-4891-c760f9c5c2fe,Ultra Set 0455,Clothing,60.58,7484,2026-03-01
ee1d84da-b988-fd34-4f06-1ef6130e93a0,Classic Set 0456,Sports,239.86,8631,2026-02-24
c3ba2bd0-d229-bc0c-0ecf-882d7407b0c4,Modern Pack 0457,Sports,721.29,7871,2026-02-06
adb9cee0-7a3c-c026-67ab-fda53d224398,Pro Item 0458,Food,336.24,2381,2026-02-13
cfb44e3a-aa68-50b3-1a3f-d8058a2e6f00,Basic Kit 0459,Clothing,32.38,7635,2026-02-14
e7e2da9b-25a5-d495-4f40-8f48713ede2d,Deluxe Set 0460,Toys,13.85,3148,2026-02-14
cf3ea3e2-f1da-ff58-ba26-db2ba1858a60,Ultra Pack 0461,Electronics,404.26,3897,2026-02-11
c2d51bfd-83db-e2a4-2e83-7ff7b46cfb8f,Deluxe Widget 0462,Beauty,895.47,2344,2026-02-06
9fd1a479-1cf2-9996-ad36-69255246395a,Ultra Pack 0463,Toys,376.38,6709,2026-02-17
4acb0f7f-52ae-db52-528f-2d1f6718a1ad,Deluxe Gadget 0464,Books,43.81,650,2026-02-13
659c1c56-d410-9e50-5518-f597fd87f336,Premium Pack 0465,Home,281.95,8120,2026-01-31
885513d8-788d-e042-ec64-e267d2b7a4cc,Classic Set 0466,Toys,761.73,4403,2026-02-28
56a8dc3a-d27a-d3ae-3060-66ec134dd926,Pro Item 0467,Toys,998.94,6843,2026-02-06
98b51ae9-30a7-21d8-7953-da4a3dd73021,Modern Bundle 0468,Home,681.35,5134,2026-02-22
aefe5fb5-d622-e0e7-4343-c93ea791a10d,Basic Widget 0469,Books,737.53,812,2026-02-02
0e264719-3eaf-1d51-4ef7-11c04edd52bc,Deluxe Set 0470,Books,59.03,3143,2026-02-07
b1098705-ff5f-099b-ca18-03eddc1c793b,Basic Kit 0471,Food,781.63,277,2026-02-03
ef4d64bd-55b4-037b-fe49-b09b2fbc2975,Classic Kit 0472,Clothing,778.89,2764,2026-02-16
85d245f8-0495-9273-12b2-52ef0ed8f7ec,Essential Bundle 0473,Home,553.11,7080,2026-02-17
c2b7052d-0ebc-8bb1-4cf9-f84412da3aa1,Essential Pack 0474,Toys,288.60,4882,2026-02-07
d1a81d0e-b8b7-4b7d-2985-fb43eb98ca81,Basic Gadget 0475,Electronics,216.02,1844,2026-02-12
030a0092-5517-23c7-8ad3-289e2977f8cd,Ultra Gadget 0476,Electronics,237.43,1138,2026-01-31
afb71f57-cc14-72ae-3923-9646ed85cf1a,Modern Item 0477,Home,105.86,1542,2026-02-13
52b9f882-95a4-dfed-2c32-63144314b9fb,Basic Kit 0478,Clothing,679.16,6957,2026-02-02
bd941a60-f5ac-4308-b92c-fa7daad07823,Deluxe Kit 0479,Beauty,4.32,7116,2026-02-26
7c74c4c8-e2d4-39d3-10b6-729a590ee420,Pro Item 0480,Toys,60.11,3961,2026-02-06
62888c24-910f-9b5e-68c1-6a2abf7ef618,Premium Pack 0481,Food,418.22,4569,2026-02-04
0e3cd59c-a43e-0b1a-66da-8fbf4352cc2a,Pro Pack 0482,Toys,405.30,3046,2026-02-16
c6ddb322-49b5-7f32-7b65-6df0c95bf3bb,Classic Bundle 0483,Sports,982.90,6653,2026-02-28
33bd0d99-4c95-ada9-8cda-b1e0392f7e11,Premium Widget 0484,Food,816.71,3928,2026-02-27
7b60f025-b81b-d2ea-b036-b50e1f1bfa5b,Pro Widget 0485,Electronics,576.07,2030,2026-03-02
0e47c888-d039-101f-e5e8-99fb677e3f59,Classic Kit 0486,Home,892.32,1822,2026-02-06
f37892bb-3fa2-c965-0922-359849040ca0,Basic Pack 0487,Clothing,497.97,8444,2026-02-20
eeec8719-5b87-113d-ea22-1dedb17e0598,Ultra Set 0488,Toys,488.80,4932,2026-02-23
d88674ca-5359-d7c2-15f5-f14fbb7572a2,Classic Gadget 0489,Electronics,15.89,3019,2026-02-12
96caa0b3-eb96-69a6-7e5e-3608099142c8,Essential Set 0490,Sports,894.87,580,2026-02-08
63e3a947-ba19-050e-7c0e-0f5b0857d308,Modern Gadget 0491,Food,941.02,3006,2026-02-21
c6f1072d-1c44-cc69-f792-47d56d6e62d7,Pro Set 0492,Sports,601.78,9499,2026-02-22
0a628e8a-c4ef-f70d-a754-cd41a7742d69,Ultra Pack 0493,Clothing,451.14,675,2026-02-03
e9e07492-97c8-0bee-95e2-3c0f26610332,Pro Set 0494,Beauty,587.67,6354,2026-02-15
8ae39232-4e8f-f0e9-c3f1-58d4aa028cd3,Modern Unit 0495,Clothing,115.80,2174,2026-02-10
5153def1-8ef5-3ad5-10a8-a0612baa49ae,Premium Set 0496,Home,629.34,88,2026-02-21
a5052d11-86d6-fe2c-2cfb-97bb5ac9d09a,Ultra Set 0497,Home,881.10,2422,2026-03-01
5a542b12-7186-ce6d-b3aa-87e89a922ae8,Essential Item 0498,Sports,887.34,9984,2026-03-02
3698c991-0427-db6f-1664-5cd426c48bd9,Classic Bundle 0499,Books,426.41,5044,2026-02-01
ab797db4-20d9-98a5-cf4b-c3e563d22fea,Ultra Gadget 0500,Food,93.64,4716,2026-02-16
68c1c874-7a49-91c2-864d-4f4bc50e9239,Ultra Unit 0501,Sports,82.11,7804,2026-02-04
51c1227b-e03d-b8d7-1a53-f54982915f2d,Essential Bundle 0502,Toys,345.18,7366,2026-02-17
ce4fdb4c-c156-99a1-2e56-23bb6ab93447,Premium Unit 0503,Home,610.73,6428,2026-02-21
c8aa8587-1392-82c8-6d81-07a67eb6f4c6,Classic Widget 0504,Toys,802.67,8454,2026-01-31
24fc4070-3ff2-5488-bd06-6618dd7351d7,Premium Item 0505,Books,388.80,197,2026-02-16
4ded8ca5-e126-f058-fae9-567ba829c1bc,Modern Unit 0506,Beauty,541.08,233,2026-02-01
82c89a29-5fbd-48a5-2ee1-d1ee89f856d3,Premium Gadget 0507,Toys,917.67,5678,2026-02-09
953b4b04-c6b3-b4eb-14ca-b15a89a8cc3b,Premium Set 0508,Food,814.90,7431,2026-02-22
eb66cedb-b691-2877-d7dd-145e074b2e75,Ultra Item 0509,Toys,179.93,6457,2026-02-26
8b588b2a-857f-50fc-24df-41c315032119,Essential Bundle 0510,Clothing,914.53,6336,2026-02-20
43b2a926-9f2a-f0ff-e57b-0f1c887197ec,Ultra Item 0511,Food,836.19,3096,2026-01-31
1c5b3904-f296-18a7-2561-98631ab90e8e,Essential Pack 0512,Home,923.31,8915,2026-02-10
4e079e28-afda-7a51-8e71-55f36613ede9,Classic Set 0513,Books,746.78,2802,2026-02-26
438e3a30-779a-0167-03a5-245af8fb2ec9,Essential Set 0514,Electronics,407.97,974,2026-02-28
2d7a46d7-f4bc-c19a-f784-e36a39baf3c3,Essential Bundle 0515,Clothing,865.02,5014,2026-02-05
efb5202b-4464-098c-35b4-d7de60d50ce8,Basic Set 0516,Books,925.88,3035,2026-01-31
3c0fa46b-fa26-6d71-5eeb-05c0b1ae1f92,Classic Gadget 0517,Beauty,693.83,1509,2026-02-04
6003fcb0-66ec-7013-860e-c4fcc8ddf099,Modern Kit 0518,Sports,673.87,4243,2026-02-17
c0364302-b57a-1b33-890a-3e9a223c6bea,Pro Gadget 0519,Books,649.44,2182,2026-02-16
9fd46100-adf8-3b1b-0357-3dafddfbc574,Deluxe Gadget 0520,Electronics,776.23,6043,2026-02-12
9235ae56-dffa-f25a-1499-a7ffecac2d86,Deluxe Gadget 0521,Home,121.92,8384,2026-02-13
8e2a3fe9-d7cf-ff48-dc87-b8f2c0d6842b,Pro Kit 0522,Clothing,688.18,2598,2026-02-17
73609fbd-fb50-d10b-a3df-864c9ec030aa,Premium Pack 0523,Beauty,230.43,5996,2026-02-10
ff30f38a-d115-0fbc-bdb7-3c60cd654d40,Modern Kit 0524,Electronics,890.77,6171,2026-02-01
25fe059a-00e9-b358-4cf8-be19aa3fe44b,Classic Gadget 0525,Beauty,240.27,7396,2026-02-06
11a90904-d8c5-4132-a747-d705296d579d,Premium Unit 0526,Electronics,454.04,8719,2026-02-02
6ede5aef-a250-df6e-0e22-0dc8e764a279,Pro Item 0527,Toys,57.32,1418,2026-02-07
0e0b7d49-a2e8-7b31-74d4-b7244a652e1c,Modern Unit 0528,Electronics,919.68,7001,2026-02-11
d3f8083a-b23d-2c5a-0545-63bc3dd07f56,Ultra Gadget 0529,Books,304.43,451,2026-01-31
d7e126b1-8555-5cb2-7ead-bd32c95d7662,Classic Unit 0530,Clothing,744.70,3832,2026-02-09
65e2ca36-43cc-32ac-e678-883a36ce84ac,Modern Set 0531,Electronics,403.31,1128,2026-02-23
3eb2e711-e00d-ae74-abda-3a0e83dbd295,Modern Pack 0532,Food,478.62,9934,2026-02-14
bc899f59-0694-1a0b-d676-807bc0ce86a2,Pro Unit 0533,Sports,525.98,4374,2026-02-28
284a06f4-3a47-a0fb-22ad-bd4e9d3e13ab,Essential Gadget 0534,Home,109.71,3938,2026-02-13
e1f467ed-e2b0-b8a8-e160-19677e512bd8,Basic Gadget 0535,Sports,90.10,127,2026-02-27
031aa07c-fa0d-0017-e4d9-cbd8535d3c13,Basic Set 0536,Clothing,597.66,4180,2026-02-25
d0ce0831-6138-7e34-61e4-e49cb8824cf6,Ultra Bundle 0537,Toys,843.77,8444,2026-02-10
e697354b-6a6e-0076-c804-f6e9b266859b,Deluxe Pack 0538,Home,20.28,9499,2026-02-16
2d78bb23-780d-fba0-9859-ac8d90ddc2a5,Ultra Unit 0539,Clothing,6.44,9920,2026-02-16
755a3f55-a94e-456e-4e1c-49f2eeb5ffbf,Ultra Bundle 0540,Toys,80.78,3872,2026-02-16
2a648652-9cd1-a7d9-3d11-afef0364a7af,Pro Item 0541,Beauty,694.74,6735,2026-02-22
bbbefb20-e3aa-8e21-e01d-941520a87fec,Modern Unit 0542,Beauty,270.69,8409,2026-02-19
407896e9-df2d-5502-264a-5cb72e072eca,Basic Gadget 0543,Electronics,496.57,9065,2026-02-21
a43551c3-900b-fd14-4f76-7abf2500d42b,Premium Set 0544,Food,480.42,8301,2026-02-16
770206f0-bc99-9e50-9d81-7e3feceef93f,Premium Unit 0545,Food,715.30,4944,2026-02-06
8ce11c60-570b-0499-95e0-3237a5da18fc,Deluxe Set 0546,Food,347.02,2425,2026-02-19
0e00ccbe-e400-f9a7-c98c-d085ba9d13be,Modern Set 0547,Home,937.55,6777,2026-03-01
4a8e62dd-1516-1fbe-f0a6-e2e4cac1df02,Basic Set 0548,Toys,797.43,929,2026-02-13
86241724-13c6-832f-7b85-316ee5942594,Pro Gadget 0549,Books,682.94,4406,2026-02-09
45bcb3d5-97da-c9b3-1611-48253a859525,Classic Widget 0550,Clothing,649.89,5187,2026-02-26
fc48ae7a-5ee9-f45b-0f77-e6297dbe4e2e,Classic Pack 0551,Toys,665.94,4969,2026-02-04
fa6e35b2-32f8-511a-b501-1ec9d6a2c787,Pro Gadget 0552,Beauty,317.07,2215,2026-02-21
2baf80db-a71f-fea7-c717-cc6d42a7c9dd,Ultra Widget 0553,Clothing,48.77,9608,2026-02-19
d45660a2-966f-1a1c-a055-0b7be91b17e4,Basic Unit 0554,Books,80.44,1957,2026-01-31
c3ada6d2-63c3-0697-3096-b24fadaebe9c,Deluxe Bundle 0555,Books,953.37,6353,2026-02-02
0a1ead51-0c39-7eeb-ec87-d146acdb1d4a,Essential Pack 0556,Food,768.72,9102,2026-02-06
46a6d40b-f8db-be32-6eac-8a7dd4428490,Ultra Pack 0557,Electronics,415.21,7474,2026-02-09
69b4b872-31c3-e382-cae2-fc9cf472a41d,Premium Bundle 0558,Beauty,453.03,1571,2026-02-23
9343824f-3302-0ff6-9dbb-562b6e9f8e23,Essential Pack 0559,Toys,532.51,3825,2026-02-03
d2642dcd-d861-4b58-0e56-5bae80cdc0ca,Essential Bundle 0560,Home,776.99,4263,2026-02-22
87d5a7d1-26e0-e8cc-e65a-16d12233cd3a,Essential Gadget 0561,Electronics,589.54,9388,2026-02-28
ac421fc3-3735-72b6-55d0-cda5b88a66f5,Essential Widget 0562,Food,845.87,1220,2026-02-09
a0829b30-20e6-de23-235f-d15a6e77d6b5,Essential Set 0563,Clothing,174.37,974,2026-03-02
eff7be25-31f0-1a8e-0002-e09a34bf7ecd,Basic Bundle 0564,Books,727.35,2718,2026-02-07
501d7030-6928-caa4-ad88-d02a8f27d486,Modern Set 0565,Clothing,156.68,1441,2026-02-27
47d90294-da12-e7f2-dd0b-1230a04b0f62,Modern Set 0566,Clothing,248.39,9090,2026-02-17
4251cfaa-f9ed-be61-3582-7045488a0891,Premium Set 0567,Books,986.47,4431,2026-02-11
abd6a9da-cc46-0d8a-c4d7-83e7be9ca986,Ultra Bundle 0568,Toys,784.67,5292,2026-02-28
7133db05-ab74-097a-bfa5-fb288dc30d7a,Essential Set 0569,Toys,42.31,9129,2026-02-01
8c4f1183-84ca-1736-ce6e-3ca0fad72ef9,Basic Kit 0570,Electronics,185.58,7750,2026-02-19
52df89aa-a45c-4976-c9f8-0c51026911b8,Modern Set 0571,Beauty,62.40,7213,2026-02-24
697d3915-c1c1-8d9e-b289-aac820cdaafa,Classic Item 0572,Beauty,875.67,9922,2026-02-11
9a095ffa-fb1b-cd96-54af-90066b5b2d9c,Premium Bundle 0573,Sports,665.61,2248,2026-02-05
229dfcef-f0c6-e685-6eda-d1996dfbc59f,Deluxe Bundle 0574,Beauty,474.82,8278,2026-03-02
a2270ffa-2f0c-2286-24c1-0c38f5559618,Essential Gadget 0575,Beauty,761.12,1896,2026-02-18
959def22-cecd-ccfe-c1e0-7edb68ea7d85,Deluxe Gadget 0576,Electronics,500.43,5363,2026-02-14
40440a95-c7df-5da7-8272-39e6ff7d82dc,Modern Set 0577,Toys,240.59,3892,2026-02-25
c0449ed3-26fb-49c2-a01d-f13bb2c396a8,Premium Kit 0578,Electronics,15.47,7381,2026-02-14
a797615d-436f-e0ec-7ae7-7576c70849f8,Essential Set 0579,Sports,977.42,2787,2026-02-03
f80d2952-0c6d-ea88-803a-6c02d10e111e,Pro Set 0580,Beauty,261.88,5687,2026-02-28
e8fc778a-32c3-0e9b-4a61-0db71d9c308f,Basic Unit 0581,Beauty,377.76,5714,2026-02-27
8aec3551-4054-3c4f-4160-d6d68d1c431e,Ultra Bundle 0582,Food,139.82,6992,2026-01-31
4aef9cab-0677-104c-c0f1-c791241ebe94,Pro Unit 0583,Food,377.29,1469,2026-02-15
03938663-4965-7b5d-6a54-dead847869ac,Ultra Widget 0584,Home,448.20,1391,2026-02-19
a158270d-bbc8-5bd1-5144-6a737aea5170,Pro Bundle 0585,Sports,119.02,8920,2026-02-16
d0157617-4c4f-e422-da6f-73c1db1cbfb7,Premium Item 0586,Electronics,114.63,9983,2026-02-10
3a87147c-c24f-c1f2-697f-0b8c3b64ab6e,Ultra Kit 0587,Food,876.40,6140,2026-02-03
538effb3-c383-593e-5b95-a54f28c93890,Essential Set 0588,Toys,141.34,6819,2026-02-18
5f679939-fe07-0bed-4a5e-b0226476dcdd,Pro Set 0589,Home,534.90,4580,2026-02-06
aafc55d8-5dc7-d9cd-c300-9a4fc3cddc2c,Modern Widget 0590,Clothing,575.74,3623,2026-02-17
18c8bf84-dffd-dab0-3b23-129b36c86486,Basic Unit 0591,Sports,869.36,8125,2026-02-10
65e773d5-73ea-0575-0043-3f84b7eb565d,Modern Item 0592,Beauty,400.30,4618,2026-02-18
e8907ec9-f4a6-a5ea-1d90-58b5595c23eb,Classic Kit 0593,Food,992.50,5947,2026-02-16
8e7fa5f4-207b-5547-889b-20944feb9f90,Basic Kit 0594,Books,356.36,2146,2026-02-13
f4f28fb1-1edc-98dc-1901-00cda0ea3655,Pro Kit 0595,Food,196.89,9133,2026-02-06
bcdd8d48-14b0-eb8b-5615-0ea9db92d7f7,Pro Gadget 0596,Clothing,506.89,4226,2026-02-23
b8f23968-b2e8-998b-bc24-0b36681fd305,Deluxe Pack 0597,Food,56.30,6645,2026-02-08
d33fd4d8-5f7e-e3f4-fc3b-a314d1deca43,Essential Item 0598,Toys,567.81,5547,2026-02-03
07424da7-a724-8db2-a033-8ac873022542,Premium Gadget 0599,Electronics,317.59,9866,2026-02-18
9a321c2c-db1f-de5e-5eb9-d396295376ab,Premium Widget 0600,Beauty,995.22,4801,2026-02-16
57d871f1-e5c0-52b5-b439-81941b31babd,Premium Bundle 0601,Sports,790.58,4392,2026-02-28
7171f13b-adfa-e807-ee0d-9cd10fe7ce56,Premium Set 0602,Home,626.54,2973,2026-02-28
c43aa8f6-1fba-6c13-7e18-4928769a6ad6,Basic Bundle 0603,Home,556.67,7477,2026-02-03
444f6b9c-0007-b657-6398-1e39b1e30455,Basic Kit 0604,Beauty,303.15,1059,2026-02-27
5364575b-29ad-d798-2428-82234c01838f,Deluxe Gadget 0605,Food,627.18,3411,2026-03-02
769d9a2d-d62a-a418-d15d-4c984434b32b,Modern Pack 0606,Beauty,9.54,6544,2026-02-16
c0ef8883-d976-8c7b-52a5-295b6a0cd1ce,Deluxe Bundle 0607,Books,308.63,2465,2026-02-01
07485f16-fc72-d38f-ac31-3207813c4044,Premium Kit 0608,Toys,117.92,6472,2026-02-17
f8ad7b92-569e-53ec-a84d-ce1bfbaf9dbc,Pro Bundle 0609,Clothing,732.25,456,2026-02-03
b80a8abf-12cc-2a99-7d79-6b8f388b5988,Classic Pack 0610,Sports,845.27,6643,2026-02-05
85a4ab81-f85c-c63f-b27f-be1e3e2fd92b,Premium Gadget 0611,Toys,56.85,5340,2026-02-03
1a10eea5-183c-3a91-7486-66e36e60c632,Essential Item 0612,Toys,825.45,3767,2026-02-01
6129eb2a-f8a2-8486-c40a-e155c1d624be,Premium Item 0613,Food,630.58,1561,2026-02-15
7db426a6-d572-13a4-7566-f4d063e007af,Premium Widget 0614,Home,857.55,3651,2026-02-09
ec5eb28e-e74c-1d28-b007-57e61ff98458,Modern Pack 0615,Sports,616.59,4479,2026-02-27
e7b0a8c6-b20e-3a6d-6497-5769c2394ef6,Classic Kit 0616,Clothing,411.12,9430,2026-02-17
4bee387c-56c7-2014-df98-5d8f0d5e6080,Modern Unit 0617,Toys,60.37,5040,2026-02-20
620e4eb2-9942-156f-00b3-8a0b5a8f3ee9,Deluxe Kit 0618,Books,850.61,6146,2026-02-13
4cf572f5-3f1e-f013-5292-9ea1a56e4d32,Pro Bundle 0619,Home,697.53,4308,2026-02-28
d48daf6d-4cc2-2465-2c6a-0fe55ed0eb15,Essential Item 0620,Electronics,298.45,8255,2026-02-14
804739df-3d07-a255-88bc-642e4467de35,Classic Widget 0621,Beauty,101.75,6749,2026-03-01
b37b6d90-f010-d498-51c1-46e0d146ad46,Modern Set 0622,Home,9.08,2699,2026-02-25
1b720373-dbc2-8648-a44b-fb90b527d358,Classic Pack 0623,Home,881.90,2964,2026-02-11
4243a771-44ca-64e6-5578-d4626593a352,Deluxe Kit 0624,Electronics,927.19,5482,2026-02-18
f5576962-09e6-efdc-fa41-a9717fe5d7c1,Basic Kit 0625,Sports,683.50,5285,2026-02-27
bf16fbac-7c94-68ba-6ca3-0cf7458786db,Modern Bundle 0626,Beauty,546.33,6491,2026-02-16
a33756d3-b803-b89b-998c-522efbd51ab0,Essential Pack 0627,Beauty,227.53,5968,2026-02-17
3a5a8cb5-e030-2758-2b59-8412b5634cef,Premium Widget 0628,Sports,856.30,3749,2026-02-20
c59dda2b-27fb-8007-aadd-b6891d19f3d0,Premium Item 0629,Food,456.58,9244,2026-02-19
023ed7bc-299a-9929-8715-477b72f0a919,Classic Unit 0630,Clothing,90.80,4298,2026-02-25
1346c0e9-3a2e-b392-cc87-a2626c9ac7cb,Modern Item 0631,Food,60.49,2746,2026-02-14
0342844c-fea5-38dd-6adb-8297bcdc0aca,Ultra Pack 0632,Toys,735.17,2606,2026-02-26
768b59cf-dd94-8ee9-74a6-2c78ce506c3b,Pro Kit 0633,Beauty,218.33,8889,2026-02-25
7c7fe19a-7b74-9abf-d4b2-0aa4cb118dd6,Basic Pack 0634,Electronics,272.63,7043,2026-02-10
f63f412d-bcc6-3ef3-d0d5-dd4891c4e3dc,Ultra Bundle 0635,Toys,103.34,6506,2026-02-04
ac9b7b81-43cf-eb8b-83e2-b25036ea651b,Modern Widget 0636,Toys,353.34,7320,2026-01-31
6a083438-01a0-90b8-8535-9e44b4aab942,Modern Gadget 0637,Toys,550.84,7903,2026-02-14
54f899a6-ebd9-5bf4-b0f8-8222385387eb,Basic Set 0638,Food,294.27,9580,2026-02-02
b5cee815-1089-1894-a4a1-e6d3fc6f2a7f,Modern Unit 0639,Sports,96.27,6498,2026-02-19
9d276f21-82b2-701b-05f4-551c649bd378,Premium Bundle 0640,Clothing,12.88,9566,2026-02-04
1e59b436-3848-ebf2-d995-2cf613212980,Classic Item 0641,Toys,433.55,1177,2026-02-06
7f96f031-9586-2160-2a16-f910fcd9cb7b,Ultra Pack 0642,Books,410.67,120,2026-02-23
ceee4b84-b79c-66a9-668d-aa7de5eca32a,Modern Bundle 0643,Beauty,331.75,4328,2026-02-08
b981c8e1-2272-e505-25f7-65c1e4b4a342,Deluxe Widget 0644,Home,15.24,9561,2026-02-17
d6f9da6e-dc08-ff7f-b855-80b9a9d9c916,Premium Widget 0645,Food,396.03,5866,2026-02-27
fa1aa6e7-2a3f-9e8b-199e-502525050113,Modern Widget 0646,Electronics,727.84,1489,2026-02-11
b063d60c-ed71-92ec-9176-d1186a82b1cd,Essential Set 0647,Beauty,882.36,5172,2026-02-10
272b0ef6-f2a4-2a0d-c143-ac7825329e37,Modern Unit 0648,Beauty,563.74,2562,2026-02-09
d7ec454c-aa3d-72d4-a1a2-1043b3be8e83,Pro Widget 0649,Food,736.91,7207,2026-02-27
8a4dd7dd-e048-40c3-6bdb-36e414942eb2,Pro Kit 0650,Beauty,803.49,3490,2026-02-03
e5d52f9e-8c12-54ee-257a-830439c0cb57,Pro Pack 0651,Beauty,139.77,2047,2026-02-08
e1a3fa8e-e577-d32d-ac39-36dd782c218b,Classic Unit 0652,Clothing,662.44,145,2026-02-02
0dacfd14-84fe-4980-634c-ff731410ede5,Essential Set 0653,Electronics,807.42,7262,2026-02-18
dd3e70cc-b452-c7a6-7b25-86f5f794f3c5,Premium Gadget 0654,Beauty,485.93,425,2026-03-01
0c241219-7a0a-d31e-d104-339bbd6f0456,Ultra Pack 0655,Books,516.23,2653,2026-02-13
d89d73f1-95c5-9f57-5c87-f51de1b10e4b,Deluxe Gadget 0656,Food,710.77,7505,2026-03-01
59879caf-92cc-ed47-d17c-c5e3ec789384,Pro Unit 0657,Books,256.40,5963,2026-02-19
38ad7c8b-c6a6-cea1-49bb-b66950011762,Deluxe Gadget 0658,Home,116.18,8145,2026-02-03
8133c5c2-31b5-edc9-4058-f3a493390f12,Modern Item 0659,Sports,391.12,2089,2026-02-03
0de38cf0-7407-a9b6-8987-20c848002164,Modern Bundle 0660,Sports,781.28,3051,2026-02-04
d74396d4-8ccb-03bf-38a5-b29bf9d93ad9,Classic Kit 0661,Clothing,499.34,1142,2026-02-06
c0829106-f0ea-e832-339d-db6f885240de,Basic Widget 0662,Toys,719.30,3362,2026-02-18
4ee2c28d-3724-b5fb-3283-94328d446fee,Ultra Widget 0663,Electronics,51.82,8377,2026-02-02
06299693-5782-6aa7-a370-56f83654a064,Ultra Bundle 0664,Books,937.74,4289,2026-02-08
76575a1b-5304-992c-c335-1ca3c1942666,Premium Kit 0665,Clothing,775.62,9275,2026-02-20
09bc5b8f-2912-ca6d-d2c5-123989a3b29a,Modern Widget 0666,Beauty,631.18,242,2026-03-01
c2943bd7-5727-61ec-2654-c671a4742075,Pro Set 0667,Food,571.62,2695,2026-02-20
2741b96e-6da4-74b5-f3d2-3aebcdf04adb,Basic Widget 0668,Home,520.89,958,2026-02-23
11c4147e-cc07-bff3-8cff-a83929668e1a,Pro Widget 0669,Sports,155.89,9291,2026-02-12
998a641d-b524-09b8-65b4-1a321aa5f104,Deluxe Pack 0670,Home,90.48,4321,2026-02-12
33e59f2a-dcca-99a9-087c-fab6972b5516,Ultra Unit 0671,Food,562.26,4483,2026-02-21
f42b7be6-aa6b-349e-c492-2b130490733b,Basic Gadget 0672,Clothing,451.34,8922,2026-02-14
7f1032ac-e558-3675-3223-9853dbd610e1,Deluxe Unit 0673,Home,332.41,159,2026-02-18
4193ccb1-614e-e605-a4e5-6a80447a74e1,Basic Bundle 0674,Toys,523.52,4120,2026-02-18
50b87cb6-be77-c314-5960-bde9e464e57b,Classic Unit 0675,Clothing,806.88,4691,2026-02-24
5c91f5a9-b142-5a85-eaac-f7cd43c4c2ce,Premium Widget 0676,Food,36.89,5361,2026-02-11
114b648d-532f-4810-1b46-4772604c5909,Pro Item 0677,Electronics,162.78,9166,2026-02-12
46f0c5c8-f7ab-0778-2632-82166ec96008,Modern Bundle 0678,Clothing,493.44,4728,2026-02-17
dbeef6da-265d-f90c-2c0c-91d570d98486,Essential Bundle 0679,Beauty,904.56,918,2026-02-04
d0109e32-dac3-e9e9-ee8c-b47a6854ae32,Ultra Bundle 0680,Home,862.83,5666,2026-02-24
696ddf5b-ea70-e902-0839-50f5995c8335,Deluxe Gadget 0681,Home,572.05,6731,2026-01-31
6a6f1f0e-4650-0d29-5271-86b46c4ebbbc,Modern Item 0682,Toys,510.24,3819,2026-02-25
40af4799-8422-46c0-3d72-8a04cb1e5a84,Premium Set 0683,Home,191.75,7066,2026-02-24
20673835-e05f-40a3-5257-5a61f155c61b,Basic Unit 0684,Food,455.09,6379,2026-02-20
cad72e79-9883-023a-8d64-0dcec39b8cc8,Ultra Pack 0685,Beauty,332.33,7867,2026-02-04
d121bf89-3625-7d7a-c0ef-5addde95400d,Premium Bundle 0686,Clothing,229.48,7945,2026-01-31
c132a3b1-716a-9265-2398-de0ce1045ed4,Deluxe Item 0687,Toys,647.22,5581,2026-02-17
ad680ae2-d86f-d8f6-bf7d-2ec323f2d049,Modern Set 0688,Sports,463.67,273,2026-02-11
2ff501f6-d84c-1453-143d-15bf6013dfe9,Premium Kit 0689,Sports,847.42,6031,2026-02-16
6b8effe9-b5ed-2b76-faf4-5ce42fb5d75f,Pro Gadget 0690,Food,16.33,1358,2026-02-19
bfdcc0cd-0e82-fd0e-036d-5de945a256a9,Ultra Unit 0691,Home,158.00,3500,2026-02-28
a4a20888-b29a-3b8c-9781-f9ecb8680790,Pro Pack 0692,Books,562.36,2493,2026-02-24
01df39c8-d6eb-8d36-3537-1cfccb5645ee,Essential Set 0693,Home,582.83,7487,2026-02-04
3fb82fb6-95a5-a9e5-482f-65914dbc356d,Pro Gadget 0694,Books,657.34,7397,2026-02-01
d85070ad-b9d6-3c94-c11b-9c33df648f19,Pro Kit 0695,Toys,74.92,4883,2026-02-19
0a331db7-1545-b134-35f6-e97b27d8237c,Classic Set 0696,Beauty,463.40,1810,2026-01-31
1b13e8f6-7567-c3f9-35c4-ae109c0edefa,Ultra Widget 0697,Sports,45.94,7861,2026-02-26
8810a1b7-8ba5-bdf8-1852-c6d9bc91cc78,Classic Item 0698,Electronics,204.91,7978,2026-02-26
886fabfd-4200-e29c-df40-9165fcb5891d,Pro Bundle 0699,Home,241.81,4441,2026-02-12
189b69a3-9d57-3265-56a0-46f7e8a1e33d,Modern Item 0700,Beauty,769.89,5235,2026-02-23
dc3865a2-9f9a-d2fe-a637-f3181b448967,Premium Widget 0701,Home,427.47,7865,2026-02-14
142308bb-3601-7105-7026-df1d2b186dd8,Essential Kit 0702,Electronics,106.77,818,2026-02-20
791c8889-6b77-2e83-8cea-e55c3faee8dd,Deluxe Item 0703,Electronics,753.87,336,2026-02-27
adc78f16-0b21-7608-8057-db0b9d3595b1,Essential Item 0704,Home,2.61,5082,2026-02-02
ed29728c-80f0-e27f-a6c6-60dd659839cc,Premium Unit 0705,Sports,708.77,8254,2026-02-05
297a3e1f-8288-e439-e8db-0298e017e3fe,Basic Unit 0706,Food,929.07,143,2026-02-11
28c3d262-86a7-a7dd-36f6-36799928d3f0,Ultra Item 0707,Toys,387.51,6139,2026-02-09
86cdc2c0-bd07-5ac5-fbee-727d9c9aaa37,Premium Bundle 0708,Home,262.02,6935,2026-02-19
20720a93-915f-f456-4c10-3b3c6cfa5ad5,Premium Pack 0709,Toys,315.10,2726,2026-02-22
7a6dde2f-3bc4-fa8c-d488-03de2f904578,Pro Unit 0710,Home,738.54,5614,2026-02-03
dbad64ce-b211-bf29-c0e8-05c242ad622b,Ultra Unit 0711,Beauty,624.64,9507,2026-02-03
2ffbd7db-45a5-204f-6fa3-47bc8e4826cc,Ultra Kit 0712,Clothing,514.36,1661,2026-02-10
4bb527de-2f10-3e96-092c-6be8ed827155,Classic Set 0713,Beauty,876.08,3217,2026-03-02
0d977d7c-4004-22b6-44f5-939e9a4bafc7,Deluxe Item 0714,Clothing,468.44,6304,2026-02-24
b1fcaed0-e805-fb3f-76b2-81717ade2a67,Modern Unit 0715,Home,478.44,4801,2026-03-02
0f2ad117-5299-ea35-04e1-3029346ddba7,Basic Kit 0716,Toys,653.33,6208,2026-03-01
035a08d8-cbf6-adad-df4c-e4c1ff47776d,Essential Unit 0717,Toys,843.70,6247,2026-02-18
4452e25d-29f3-8a05-15e0-b7e15acc73fc,Premium Set 0718,Sports,985.85,2053,2026-02-26
78713b54-3f0e-35f4-cd10-e9d3114b3eba,Essential Pack 0719,Home,149.13,1407,2026-02-16
2e35c2e3-11b7-1f44-c2e1-588922f499e4,Premium Bundle 0720,Electronics,529.53,3962,2026-03-02
40a55e2b-abdc-025e-538d-36ad2cb2e5e2,Basic Set 0721,Home,338.11,3488,2026-02-01
7027ca7b-036c-7964-b128-9797a60f9316,Deluxe Pack 0722,Clothing,974.16,6962,2026-02-04
a7fc3b50-4348-26f5-63bb-888bd2352665,Premium Pack 0723,Toys,340.99,8993,2026-01-31
12429bef-12f5-b5c8-86cf-9a70d9c2d8c3,Premium Item 0724,Food,142.12,3555,2026-02-24
e7f3f6f3-f3c3-aa30-6fb4-fbc4c8948579,Modern Pack 0725,Toys,226.97,1516,2026-02-28
a8a8827f-15a0-31a4-5204-ff684884956e,Classic Pack 0726,Beauty,173.40,3844,2026-02-15
634b2692-3729-3134-8764-6554ce24e1b8,Premium Unit 0727,Sports,314.35,7374,2026-03-01
c2f70e0b-ce5b-7609-23be-8a159465e482,Basic Item 0728,Food,931.00,6847,2026-02-24
4ddfb791-b0c7-f635-2808-17add87678d9,Basic Set 0729,Sports,107.54,5480,2026-02-15
1af1197b-5d96-8850-b021-a4f2f1f7f25e,Pro Unit 0730,Beauty,572.46,3723,2026-02-24
228229b2-7d35-7610-6c4e-1db00cd498c3,Pro Gadget 0731,Sports,8.48,7712,2026-02-16
c3ce9b38-6d59-da09-4e56-73eb263e9757,Deluxe Widget 0732,Sports,576.41,5586,2026-02-04
ac62be1e-6d76-2ba6-14d6-0ca15f53cca0,Pro Bundle 0733,Books,675.72,4824,2026-02-21
22a57ffb-9d10-42ad-d94f-7f383d2fb63d,Ultra Pack 0734,Food,741.48,8415,2026-02-04
ef6fc8dd-5832-3ac8-69c4-cd3fb767ffe5,Modern Set 0735,Clothing,732.03,2582,2026-02-16
a415129b-415f-1179-588a-8c2196801c7d,Pro Bundle 0736,Beauty,71.90,6225,2026-01-31
8fc90511-9e70-afab-315f-028397768150,Premium Bundle 0737,Toys,553.10,997,2026-02-09
f4de5863-909d-ae3f-19e4-8099342b262a,Modern Item 0738,Books,426.24,868,2026-02-08
0aa82a7a-81fd-5a20-a525-810c26850a25,Deluxe Pack 0739,Home,534.41,3442,2026-02-04
7f87ba03-5a07-6b94-961f-1be2d976d631,Basic Set 0740,Toys,272.00,5273,2026-02-11
a0696926-0fb0-28a4-67fe-1227d154b69f,Modern Unit 0741,Sports,645.42,7709,2026-02-17
b18d2bfd-2f10-b040-bd2a-92a0937b46fd,Premium Item 0742,Books,969.92,7231,2026-02-22
dce6e4eb-a483-8943-2bbb-5510e22ffd5a,Pro Kit 0743,Electronics,810.43,1866,2026-02-19
e3133fe0-1505-db8a-6605-cc99389fb48a,Premium Gadget 0744,Electronics,206.11,5407,2026-02-09
ff65220f-c533-3b34-6e87-6e0bb3e96bb3,Classic Item 0745,Toys,441.81,1535,2026-02-19
1c90a6bd-9884-52e7-4d06-c492d8234024,Classic Item 0746,Home,432.96,7711,2026-01-31
f7a9f164-d4c6-0e28-f1ad-241237c33133,Ultra Set 0747,Books,78.82,7280,2026-02-15
383702fe-698c-6a18-2967-5f732cb90298,Premium Set 0748,Books,256.77,171,2026-02-16
ac684ee3-3769-5aa1-7c6c-3ef4375d6496,Ultra Set 0749,Home,969.89,4403,2026-03-02
433a9a70-2774-f6ec-eb59-550c6c426131,Ultra Gadget 0750,Sports,550.55,532,2026-02-17
a87410a8-f666-5094-25f4-b9b98be1eb75,Ultra Bundle 0751,Food,288.94,8270,2026-02-17
faaac2a8-bf5e-1297-cf60-f70420066623,Modern Bundle 0752,Books,967.56,809,2026-02-14
32a73332-af87-a840-5a3c-287ad19aabc2,Ultra Unit 0753,Clothing,914.43,357,2026-03-01
e6c0186a-4b04-987b-6142-02d790cfc99a,Pro Pack 0754,Books,701.95,1698,2026-02-16
7470aa9a-7712-697b-379d-f60f1ce82ce9,Modern Kit 0755,Home,96.11,3638,2026-02-03
dfe812c8-8be4-27b3-565a-55d75051738e,Basic Pack 0756,Beauty,711.68,7069,2026-02-01
a0840e1c-ee64-1e06-7992-f982e01f2c6e,Pro Set 0757,Toys,380.60,5333,2026-02-04
6fa4ff07-0930-2416-7955-0ea00a3aeeca,Essential Set 0758,Toys,547.72,5057,2026-02-03
678ccf3c-74af-dcf7-2883-d66df3364df3,Classic Widget 0759,Food,205.63,2512,2026-02-23
6ea7d779-942d-c0bc-9bc5-afe85f87e2d5,Pro Unit 0760,Home,213.62,3448,2026-02-18
ac1abaae-4a52-ca82-9141-9873304a52a3,Classic Gadget 0761,Electronics,383.97,7126,2026-02-01
a5469b6c-94df-74ff-9fde-fd77c5f07295,Premium Widget 0762,Food,398.45,702,2026-02-04
3bcf54e0-c4c9-0473-562c-217aa8bfb4b7,Deluxe Widget 0763,Beauty,940.39,2086,2026-02-08
cdba874c-4130-229d-9d87-15b800b2378f,Pro Kit 0764,Books,80.28,1043,2026-02-18
7ffe1a98-267d-c560-6d3f-f740a342ed8f,Essential Item 0765,Electronics,882.58,9268,2026-02-12
1efe06d4-2454-a394-830d-9f0710ae80d6,Classic Pack 0766,Beauty,977.26,6875,2026-02-23
fd8fb975-270c-1663-d5a1-73bcb9c33dce,Essential Unit 0767,Sports,54.26,744,2026-02-19
50edb743-86cc-05b4-2f52-caeb02292360,Pro Unit 0768,Sports,521.72,4480,2026-02-18
90e33a12-e40c-7fc0-51ee-57af1627e0aa,Pro Set 0769,Sports,26.90,8901,2026-02-12
33a24b12-c04b-4826-26ea-8c93b186ef8d,Premium Set 0770,Food,905.14,2549,2026-02-08
fb874e62-33af-1b9f-7e70-b262d0ab052f,Classic Gadget 0771,Books,751.92,8475,2026-02-16
385be0f8-ba4b-1c79-9282-8e3c4db3d5ad,Premium Item 0772,Home,324.28,2890,2026-02-03
55944137-c4b2-1cdf-2772-c0791acd2287,Essential Kit 0773,Beauty,474.96,4449,2026-02-14
2f8abe6b-f416-ec04-a6f9-9943fd7f6e17,Essential Unit 0774,Sports,218.23,9198,2026-02-01
164338c5-c1fd-8369-7e60-f7cb39f1af65,Pro Item 0775,Sports,689.90,7727,2026-02-28
6311c782-5396-5075-0a99-4c05473381c0,Pro Gadget 0776,Toys,888.30,5162,2026-02-22
1652addd-146f-b274-fd7d-462fa5fe85bf,Premium Widget 0777,Home,139.11,4498,2026-02-02
f0b60d31-341d-bc38-f012-8c8df3514bbc,Basic Unit 0778,Home,698.09,7651,2026-02-11
1bcc1d81-c0b1-8a6c-557b-31e68dc8df62,Basic Kit 0779,Home,541.72,1204,2026-02-28
bbb28d9d-fb6f-8c5a-720b-6f6db48129f9,Deluxe Unit 0780,Electronics,63.33,7139,2026-02-19
25c32d4e-5738-41f4-bddb-cc81c99c2616,Modern Widget 0781,Electronics,118.46,7354,2026-02-16
eb59891c-7622-c8f7-7b84-414d31b8b7ce,Essential Bundle 0782,Home,481.63,1262,2026-02-04
0e229ef9-023f-947d-eb63-22ca6120cef5,Pro Gadget 0783,Sports,461.47,5429,2026-02-18
72d24628-0b06-e563-7550-cad44f4a1d2f,Essential Gadget 0784,Toys,920.20,6103,2026-02-15
157a72b7-984b-b8c4-98ba-61015bf6230e,Premium Item 0785,Beauty,837.87,3101,2026-02-14
2bac55fb-0dac-bfaf-9092-c355ad8b8a4e,Ultra Widget 0786,Beauty,715.43,9488,2026-02-27
ccb9c892-dfe3-8c51-7882-5924a7a649d3,Ultra Bundle 0787,Home,999.39,8526,2026-02-25
a23ab036-2212-91fc-efd4-22387e8678a9,Ultra Item 0788,Beauty,186.49,9491,2026-03-02
3954fdd1-241c-65df-51b3-bef8dc2665ec,Classic Item 0789,Books,955.33,1006,2026-02-26
97f1ec02-79f7-1031-a8d2-3a02c376c681,Basic Gadget 0790,Home,118.17,5560,2026-02-25
5cc4ffb0-7b6a-d68d-0ea6-be67d6f88ea1,Premium Item 0791,Beauty,375.40,2339,2026-02-20
d98b306a-9ebf-a6f2-18f2-11b9391da48e,Modern Widget 0792,Home,526.92,343,2026-02-10
ebb339b6-b820-116c-555a-836d81312a97,Premium Pack 0793,Clothing,466.18,5121,2026-02-14
44e0f294-b846-a043-6d2a-593376c8e9dd,Ultra Pack 0794,Home,138.12,9815,2026-02-27
57095f83-b11d-e5f0-4edf-23fb4745a6b1,Premium Set 0795,Toys,760.58,8793,2026-02-02
e165e4b7-37d8-28ff-d5c5-d42b5b9b2012,Premium Unit 0796,Home,19.87,3222,2026-02-20
5d449a01-51d6-cf1e-8327-8be9db69a75b,Essential Widget 0797,Food,654.03,8577,2026-02-13
af092aa4-87c0-b2f7-9585-e69af1bf6bdf,Modern Unit 0798,Food,990.18,7438,2026-02-03
334a1ce0-7b86-f93a-f09d-ef0d5621e3ea,Classic Bundle 0799,Food,248.02,4335,2026-02-25
7241a56a-bdcc-7640-a133-613193901873,Essential Unit 0800,Home,357.66,342,2026-02-22
b3efc3ba-fc3a-4183-6f30-8783fc043817,Essential Kit 0801,Books,98.43,3908,2026-02-02
00036aba-92dd-d9d9-16a3-3ecdb321ae4f,Premium Widget 0802,Beauty,296.41,3337,2026-02-08
7f5f704d-0c73-32c1-362f-2ad8a2e7a032,Ultra Bundle 0803,Electronics,117.30,269,2026-02-08
fc14b8c6-d25d-81a4-3c42-0bbd4ce67d7e,Ultra Gadget 0804,Sports,969.27,3190,2026-02-23
119bbba9-0007-a348-cab4-58e939e261c5,Ultra Kit 0805,Home,771.22,8194,2026-02-24
f21a0418-6a50-af7a-69d6-d0fee701e652,Classic Bundle 0806,Toys,993.45,3080,2026-02-18
8a3da0f5-b285-5f45-5277-add346bd13dd,Classic Gadget 0807,Toys,516.78,5383,2026-02-08
32b1aa6a-85b2-ece0-76f3-4afef451fed1,Deluxe Pack 0808,Electronics,856.66,3747,2026-02-13
255c8d2b-222c-c5fa-5236-b2ab361dc3fa,Modern Widget 0809,Electronics,704.93,1568,2026-02-05
e1b31516-38a0-8e7e-e152-28a024d2bd8a,Essential Set 0810,Sports,770.23,8386,2026-01-31
57c4875d-88ba-64ed-8976-4492e2ed3dee,Ultra Item 0811,Electronics,313.09,7485,2026-02-12
b2aaa661-f7b6-49b7-cb58-d506e0f7f1c7,Classic Gadget 0812,Food,317.81,50,2026-02-06
9dffb62b-c13b-adf2-b8f6-7cb307881eb3,Essential Widget 0813,Sports,354.55,5000,2026-02-24
1af391b9-e7e5-1c16-4309-c75151044263,Classic Bundle 0814,Electronics,733.52,7782,2026-02-02
46f27dc1-90a1-6739-6eed-ec556f40cb3d,Essential Gadget 0815,Beauty,16.58,338,2026-02-08
d16775a8-178d-a656-a989-70366794a890,Essential Pack 0816,Clothing,913.66,4200,2026-02-07
66ceaf9b-9005-f012-76ee-3a01c4a604db,Essential Item 0817,Clothing,275.73,3182,2026-02-05
c81e0952-7e0a-b745-148f-9dd8078ed6a9,Pro Item 0818,Food,747.19,6348,2026-02-12
2707611d-e46d-4513-395e-6b7a766b9a79,Classic Kit 0819,Books,868.93,1087,2026-02-25
f582b789-b751-7fcf-3139-8969d99fdaec,Pro Widget 0820,Sports,983.72,2490,2026-02-11
412533cf-a7a0-0ac1-e187-1713718c8021,Ultra Set 0821,Beauty,773.38,1465,2026-02-17
fe44e329-e862-04bb-1822-3ecb1b46643d,Modern Item 0822,Sports,109.94,620,2026-03-01
02145626-c12b-ac71-835c-bf41ee7ba5b7,Classic Unit 0823,Food,285.38,267,2026-02-02
db11782c-bcb0-8b00-ae37-8d0cc877e5c6,Essential Gadget 0824,Clothing,877.25,2863,2026-02-07
808873e4-ca2b-a361-397b-6b5f231b1ca8,Essential Bundle 0825,Clothing,97.41,2025,2026-02-23
0b337295-a97b-7bfc-abe5-ab73d07119cb,Modern Set 0826,Electronics,236.17,250,2026-01-31
459bcf17-8a75-d694-c9d3-77f9dbf4b8ab,Pro Set 0827,Food,101.41,6278,2026-01-31
a5a9dddc-cc47-fa92-efdb-872f4a1051f9,Modern Gadget 0828,Beauty,733.42,4841,2026-02-08
2fa4b61f-8451-c2bf-4fdd-3d16d6ec32e4,Essential Kit 0829,Toys,902.89,9206,2026-02-02
19a301cc-4ce2-f3e7-c966-44f0594e2706,Deluxe Gadget 0830,Books,753.00,5422,2026-02-21
3618ecb5-af5b-6f56-b0d6-406055a8c93c,Pro Widget 0831,Electronics,642.75,3444,2026-02-02
7dc49cda-ff5e-17f5-de75-babefe467598,Classic Kit 0832,Toys,329.65,3699,2026-02-16
b295eb82-4d92-3daf-3207-ff3bf7a224ed,Premium Kit 0833,Sports,578.25,141,2026-01-31
1c560814-4004-28ed-e24d-686db00504f0,Classic Kit 0834,Food,96.18,478,2026-02-17
f8c33242-b788-2ee8-3e43-d17900eef466,Basic Kit 0835,Clothing,16.61,2896,2026-02-27
a8f65920-9991-ecdf-d3f4-0d9ad41dffae,Premium Widget 0836,Electronics,856.33,1845,2026-02-05
88bd2318-f1ad-4a4d-10c4-5b074b867ba1,Premium Bundle 0837,Books,467.46,532,2026-02-19
72cfc769-f91e-1c42-606b-6ed39467ac64,Essential Kit 0838,Food,974.23,5666,2026-02-07
05ab63ad-35e4-7c93-f087-271d3d568403,Essential Bundle 0839,Food,540.74,9339,2026-02-05
785e331a-62dd-d7d5-85c8-7c2400f45428,Deluxe Set 0840,Toys,230.02,4764,2026-02-18
3489c0c5-2a77-29ea-09e8-137eb7cbbb25,Modern Bundle 0841,Books,222.98,4065,2026-02-13
11b88244-2711-3d29-4a52-471775d6688d,Deluxe Set 0842,Beauty,848.07,7433,2026-02-04
f05b7727-ef2d-6678-4345-a5d9d55ccd0c,Basic Bundle 0843,Toys,252.70,5365,2026-02-01
2d9d44bd-6966-fefd-4470-a49e7704abc6,Ultra Unit 0844,Toys,412.71,1948,2026-02-04
9c7e171e-c730-721f-0d24-f2f1c51cbf12,Premium Pack 0845,Toys,521.64,3451,2026-02-09
b278ded0-4c3b-794a-3eec-2815004adacb,Pro Set 0846,Electronics,607.43,1230,2026-02-01
c0983a4e-8f19-a56e-1998-ca392f74fc1b,Essential Pack 0847,Books,903.60,7305,2026-02-10
9e369de9-2f2f-009e-7f44-f777e888fb62,Essential Item 0848,Books,705.41,2703,2026-02-02
b19d1939-e714-7bf0-b338-c438f0671b36,Modern Widget 0849,Electronics,651.15,4063,2026-01-31
f630f675-dcda-6ff5-1411-b736de7ca221,Premium Unit 0850,Clothing,663.17,5140,2026-02-09
772dcfd6-8161-eedc-21a2-a811e82ae869,Basic Widget 0851,Sports,869.00,2282,2026-02-10
963db6ba-2668-c485-39cd-59882cd8deef,Modern Set 0852,Books,519.77,2679,2026-02-18
6dc689c0-3f61-597b-5bad-f4daf19dca26,Modern Kit 0853,Beauty,223.72,3147,2026-02-13
f009e8ad-579c-180a-ffe6-7e7172b4446f,Classic Set 0854,Toys,418.62,6651,2026-02-04
d029dd81-1027-6e17-e1ab-f1e76423fa8f,Deluxe Set 0855,Electronics,147.89,7784,2026-03-01
b6e54412-b099-706f-16d3-6e088d3e9ccd,Deluxe Widget 0856,Beauty,956.65,4992,2026-02-28
bc65b912-fea2-cf19-25b0-bcbfd852c601,Essential Item 0857,Home,142.51,7661,2026-01-31
4a3e68c9-aeea-05f3-e5e8-1f00818546a7,Premium Gadget 0858,Electronics,481.01,2526,2026-02-09
d1dbded0-cbf4-f192-da62-40200f1fd9a3,Basic Widget 0859,Home,420.36,6804,2026-02-14
eebee61f-a685-9383-7439-a273896e64c6,Classic Bundle 0860,Food,275.84,8657,2026-02-19
26dd336e-f12d-17bf-e364-6510c91812b2,Modern Item 0861,Food,236.80,3931,2026-02-13
0bfa16e0-bbf4-b33b-ca9f-5cb52d458ec1,Modern Item 0862,Home,210.53,7799,2026-01-31
044229c9-9a4c-a486-11fd-0f1a9fea95bf,Deluxe Item 0863,Home,502.90,3523,2026-02-22
8f14d136-e0fb-393e-a70e-692bd7d080c3,Modern Widget 0864,Books,343.50,208,2026-02-11
510c71fd-a45b-b8d0-fd25-4228c7867579,Pro Pack 0865,Home,759.92,5160,2026-02-01
d32f7044-3c4b-7f17-92ac-e486e2e829b2,Classic Widget 0866,Clothing,697.99,970,2026-02-23
469f9e77-61fa-a649-134e-3413dc0f0685,Deluxe Kit 0867,Food,534.05,1801,2026-03-01
ecdaa51a-d461-5202-7364-cfba4a77aa28,Basic Set 0868,Beauty,869.80,3583,2026-02-08
caf53ba5-b7c4-34e8-3de3-572298c93c72,Premium Kit 0869,Sports,901.39,1239,2026-02-06
6c127efd-b44d-9e7b-d6b0-c549160b6442,Ultra Item 0870,Home,709.71,8469,2026-02-13
003ee652-a0d1-b6f1-a85f-533186902768,Ultra Pack 0871,Electronics,598.57,9151,2026-02-07
8ee7bfad-335c-aceb-1819-901715a6fc17,Modern Widget 0872,Food,965.98,6564,2026-03-01
ba1a259d-157f-a4ee-5624-afc5d6c26dd5,Pro Gadget 0873,Toys,288.39,3092,2026-02-20
3b6df249-5de6-1589-d440-6016685af429,Essential Gadget 0874,Sports,920.08,4747,2026-02-15
860ba560-0306-3fd5-7384-1220721b84fd,Premium Set 0875,Books,707.28,4674,2026-02-19
407e38bb-9c43-cbcc-e4f8-8955fd39a077,Essential Gadget 0876,Books,302.99,1530,2026-02-03
60af793e-2514-cd27-2da6-d727347a6671,Basic Kit 0877,Beauty,548.52,6011,2026-03-01
5425553c-5c5a-09fc-596a-d27d9061120e,Pro Gadget 0878,Sports,992.03,3806,2026-02-06
8855ec77-8262-39b4-8356-2d4604f410a6,Modern Bundle 0879,Electronics,815.59,6337,2026-02-19
7d15d162-43cd-a1c9-328d-7416841e015c,Ultra Item 0880,Beauty,979.95,1314,2026-03-01
15731b8d-7f39-186b-4f95-33ca823ded4b,Essential Unit 0881,Clothing,466.20,3484,2026-02-06
b5cab87c-09be-bc2f-6bfb-6741f9da79ab,Classic Kit 0882,Home,646.31,4127,2026-02-02
46b33edf-0f60-fd9a-b615-0892bc4b0ebf,Premium Kit 0883,Electronics,330.30,3291,2026-02-21
f459cc91-95f9-19dd-cd75-eb761ad7aefd,Basic Gadget 0884,Electronics,910.88,4662,2026-02-14
76f19b5d-d718-f6c8-9d09-3ec5351cba8c,Premium Gadget 0885,Books,128.78,3011,2026-02-01
02f9c894-d7d0-2559-776d-7f61fc306c1a,Modern Set 0886,Sports,953.85,2463,2026-03-02
19d75eb7-06a0-f7f6-6ee5-9282dd41b0a7,Classic Widget 0887,Electronics,132.93,5299,2026-02-04
89badac8-a541-f6f3-add3-458de8044ee3,Modern Pack 0888,Food,710.42,1697,2026-02-22
d0dd739d-fe18-362c-fd8f-c0d767ff6167,Deluxe Gadget 0889,Food,648.54,1338,2026-03-01
68ecebaa-1d40-fd59-39e5-eb236615f4e4,Modern Unit 0890,Home,280.88,5490,2026-02-11
e1719d3d-3e3b-5ee0-9420-9fd5e74ca62e,Essential Unit 0891,Electronics,529.98,5997,2026-02-27
961e4d06-1c70-5e6a-5183-01762787f502,Essential Pack 0892,Sports,309.18,6733,2026-02-11
e8d8ba78-5e0a-f03e-881f-75323374513c,Modern Item 0893,Electronics,936.34,6319,2026-02-04
246abc93-a67e-2d80-d94f-a91fbc026b12,Basic Item 0894,Food,158.94,9200,2026-02-04
1cc1ce15-0794-357a-03a5-1e49c18f9c92,Ultra Kit 0895,Clothing,513.43,2996,2026-02-20
5f109443-c83e-6970-bd7d-206f4bf46c8e,Deluxe Item 0896,Clothing,270.61,503,2026-02-02
19e67139-45fe-9a41-85fa-5323458876fb,Ultra Set 0897,Electronics,16.32,4004,2026-02-15
220df35a-c8ad-5798-9a21-4f686a8f9674,Deluxe Pack 0898,Home,836.83,6582,2026-02-05
f64440e3-f96c-01d9-5346-93c292c5f383,Pro Unit 0899,Food,188.30,2422,2026-02-23
d158c169-9d10-31c0-31df-93aa953167f6,Pro Widget 0900,Food,233.61,563,2026-02-04
d87da415-c6ae-906a-c7d9-68763287f1e8,Ultra Gadget 0901,Sports,27.33,8446,2026-02-13
64b82066-8dc1-b6aa-f5a1-4407e28f779f,Essential Pack 0902,Clothing,940.96,8552,2026-02-13
849be07f-6ba0-02d3-c1b7-277284b285b1,Pro Kit 0903,Books,583.91,388,2026-02-21
757a5173-2f45-02f7-bb20-d76d404df216,Pro Kit 0904,Clothing,503.36,6468,2026-02-16
fd611469-b428-ef4d-3cfd-ee39b5ef0db4,Pro Gadget 0905,Books,504.58,5991,2026-02-13
ff57c462-d383-3a50-ce8c-99fc25e03835,Ultra Unit 0906,Beauty,100.18,5399,2026-02-07
dca60be6-2de9-0ba5-8637-10538920c811,Essential Set 0907,Beauty,274.82,4597,2026-02-28
b52144d0-9148-f627-d93d-c3e72e525f76,Deluxe Pack 0908,Toys,186.83,8561,2026-02-12
1ee09334-1e14-8fc0-d13c-928d6e5204ae,Deluxe Gadget 0909,Clothing,746.14,5716,2026-02-03
7f1410ea-d89d-9f96-2140-9e6a0fa64b1e,Essential Gadget 0910,Sports,502.85,6064,2026-02-28
145c7c49-af32-13a9-6c20-a2b0fe0b3279,Deluxe Pack 0911,Electronics,3.01,5588,2026-02-24
76ab6c9c-1479-b0b3-1437-96e09183defc,Essential Set 0912,Books,26.33,1805,2026-02-25
a3c28d13-c8fd-8bbc-d67a-9f3e9a3355dd,Classic Kit 0913,Beauty,840.67,8898,2026-02-14
a1a7499c-fa0b-3303-1048-5bd609874018,Pro Set 0914,Sports,564.76,8401,2026-02-26
f7e8e649-75ff-947b-d768-2825f8f5ca86,Modern Set 0915,Toys,800.15,5553,2026-01-31
e8ea19cd-264e-1ee6-b77e-fea253cce9cc,Classic Pack 0916,Food,613.87,2725,2026-02-07
a75cf40f-9274-f6c0-5c91-9128c6970e9f,Premium Item 0917,Books,985.39,6879,2026-02-20
71fdff74-7a95-f7a7-6960-c3322c7f526d,Pro Bundle 0918,Books,816.27,992,2026-02-08
2b4e12ff-241b-42f6-957b-c157ea2557e9,Basic Item 0919,Clothing,279.34,1778,2026-02-11
c3aed2f7-28d9-07ab-bcb4-1d589e230d35,Pro Gadget 0920,Electronics,317.22,2620,2026-02-16
f13f4808-d1ee-be93-dd78-adda6155678e,Modern Pack 0921,Sports,571.57,947,2026-02-01
4304c21c-ded7-39ec-8de0-c549a2604967,Classic Kit 0922,Sports,169.93,3020,2026-02-18
afbfc4ab-4c41-569a-9644-2c78adbc9671,Pro Bundle 0923,Home,958.59,957,2026-02-08
62a53e08-cba7-5042-6424-921ea9198869,Premium Bundle 0924,Home,521.22,1983,2026-01-31
886b3ffe-24d4-0442-adf5-ff45ed6bab7b,Classic Gadget 0925,Books,579.95,5946,2026-02-13
e7780385-cc3a-d7c4-4df1-289825b9ee87,Deluxe Bundle 0926,Food,319.27,6463,2026-02-13
249abe93-71d1-948f-8bd5-b39fba597420,Classic Item 0927,Beauty,180.11,1239,2026-02-13
2d11348d-5622-a77f-697b-bd246e90e907,Essential Widget 0928,Books,12.64,4619,2026-02-05
7879a19b-18e7-7edd-db70-239cffc5f47e,Pro Pack 0929,Electronics,61.70,4600,2026-02-01
9b20d884-2f39-84e4-3130-8d7e7d76c99b,Ultra Gadget 0930,Books,561.32,8614,2026-02-16
5ce0604e-d0d3-8fa6-68a7-850d5ba22214,Modern Gadget 0931,Clothing,514.61,3743,2026-02-14
8892d776-34b1-7e00-3528-7d4374bedc75,Premium Item 0932,Books,36.32,8800,2026-02-27
c79daf14-4bcb-bd62-7f86-d5459e457724,Classic Pack 0933,Home,227.20,6136,2026-02-12
2807f4b8-b324-9e1c-bd69-6a0ab972f5e3,Modern Pack 0934,Electronics,992.31,1047,2026-02-06
8aa5d2ae-2bfa-e21e-bc2a-ac0cc86157f5,Modern Item 0935,Electronics,24.15,6411,2026-02-07
ebc3854b-7101-83aa-976e-0ca023e4f41c,Ultra Item 0936,Toys,60.19,6651,2026-02-05
40cbcd7b-9232-90a8-8b1a-4c0474c7e604,Premium Pack 0937,Sports,36.84,8928,2026-02-22
2da73489-149f-306d-c8d7-60a69553fed7,Premium Bundle 0938,Books,786.75,7975,2026-02-14
2934d1ab-913f-0574-7a68-ca980059238e,Essential Set 0939,Clothing,289.61,8127,2026-02-23
0ec21046-99e7-aa8e-4180-e99d164fc564,Classic Pack 0940,Toys,541.67,7537,2026-02-19
4495ed6c-6c98-6b5e-5105-087cd524ee0c,Basic Unit 0941,Electronics,320.38,6013,2026-02-13
07bcbbba-5575-0d28-c0b5-a80286dbe44b,Basic Bundle 0942,Electronics,60.42,3252,2026-02-17
fac64141-79e6-cbf5-5b8a-34115182a243,Modern Unit 0943,Home,925.51,3656,2026-02-27
07de8280-bc4a-24fc-da71-93fbe749d3b1,Pro Gadget 0944,Home,803.99,1095,2026-02-01
5b59792d-2e49-2a25-ec59-607aa94c8065,Classic Widget 0945,Toys,351.20,1876,2026-03-02
22a1d969-7bf2-7e0c-2f31-6f6ba4d651e1,Basic Item 0946,Clothing,784.27,2933,2026-02-26
8f62a5a2-feed-006e-fc73-f4ad2da07c1b,Modern Gadget 0947,Electronics,510.83,2461,2026-03-02
edcbcbdb-157f-2896-104a-3e3aea341874,Modern Gadget 0948,Home,295.17,2935,2026-03-01
e32b49ec-58ed-6107-d55a-f1426a71ec93,Modern Kit 0949,Sports,385.86,8277,2026-02-11
237870ef-40a7-788a-33cf-8a4e90d46e07,Premium Pack 0950,Food,7.39,4168,2026-02-07
35e895ba-5022-3f21-91c4-178b729fb589,Pro Item 0951,Home,194.24,1172,2026-02-05
4ac89c39-4c6c-118c-eba8-b942d17bafd7,Ultra Gadget 0952,Electronics,858.59,7269,2026-02-04
47e3e56d-2dc9-bede-4876-dba9c9fb6dc2,Pro Gadget 0953,Home,499.76,7380,2026-02-27
1d60e866-93e5-8bf0-cd42-533db6c9c3d2,Deluxe Item 0954,Home,690.33,1645,2026-02-26
830d6f58-3caf-36fb-0b14-13ffb63812ca,Pro Kit 0955,Home,872.48,8898,2026-02-18
f941b281-5431-37de-356c-2a35574af7d1,Deluxe Gadget 0956,Beauty,112.55,6992,2026-02-27
c90b225c-6faa-3356-a180-7cdc6564eb39,Classic Kit 0957,Home,138.69,7532,2026-02-16
9ef57b3c-ccfb-481b-3bf7-83dc103fbc3b,Basic Bundle 0958,Home,252.57,8844,2026-02-16
117a46b3-8437-5dd0-48e6-8a944f4e60c2,Basic Bundle 0959,Sports,194.39,8394,2026-02-28
e8e40d5b-a286-2216-e099-2f12bfb58df8,Basic Pack 0960,Electronics,814.99,2735,2026-02-16
6b86261a-89ad-fc64-ac72-c97f3d36b4b5,Modern Gadget 0961,Sports,574.67,1504,2026-02-26
1637e1e9-561f-d63d-ef8f-26605f645f1a,Pro Pack 0962,Toys,628.72,9755,2026-02-23
a353109f-c018-1be7-79b8-b6cb513027da,Ultra Item 0963,Electronics,346.28,2678,2026-01-31
c286250a-2cfd-bc7f-ca36-693b0fc23df1,Essential Bundle 0964,Clothing,680.36,7344,2026-01-31
308dfd7b-2379-eff5-90c8-27a2bb534102,Pro Bundle 0965,Electronics,880.13,8371,2026-02-19
45a902db-15fd-81cf-1784-5afa4cb6f625,Modern Gadget 0966,Books,333.81,2523,2026-02-16
05d3708c-534f-03b8-469a-8f456e05f32f,Pro Gadget 0967,Sports,94.03,4454,2026-02-11
c4ee017c-2741-32b0-d7b3-db3b3ebd912c,Ultra Unit 0968,Food,399.49,5937,2026-02-01
429064e4-9850-c470-69d6-4dbb5ae8e3bf,Premium Pack 0969,Food,255.28,2527,2026-02-12
0c2ed7ca-225b-0284-5ff3-7910954e88c5,Premium Set 0970,Clothing,482.57,8438,2026-02-01
59fb507a-a967-8a76-05d4-8307e785d408,Premium Gadget 0971,Home,543.82,7571,2026-02-14
47eb4181-567b-d2d1-e972-2540be238107,Classic Item 0972,Sports,749.34,2392,2026-02-04
5679340c-2e2a-f704-e93a-0390b90dc353,Basic Widget 0973,Sports,141.45,1780,2026-03-02
07637eb0-19ff-4900-61ed-f07ce19d8738,Deluxe Gadget 0974,Food,354.63,640,2026-02-14
66a0c54f-e081-423d-c39b-41f650a882a4,Premium Set 0975,Books,756.30,4862,2026-02-03
fe7222a8-9cd9-25f1-54e5-4563757eb231,Deluxe Set 0976,Clothing,32.72,565,2026-02-24
5fc5c837-e3d8-42a8-2cf7-1619047b8d65,Ultra Widget 0977,Food,982.74,2654,2026-02-04
6fb74ebb-a27c-3105-bd9d-fb508d18543f,Deluxe Pack 0978,Toys,1.47,9121,2026-03-01
8be0c1f0-5088-74a6-be88-20e7323403d4,Pro Widget 0979,Toys,915.72,2835,2026-02-11
8d864e0a-d18e-2e22-0fe8-9851095af237,Pro Bundle 0980,Books,360.69,6020,2026-02-27
f72580fe-5d99-d009-1548-f10098517331,Premium Pack 0981,Home,621.28,3197,2026-03-01
27a67522-6926-245b-a70b-8eab917554ce,Classic Set 0982,Sports,958.40,7954,2026-02-05
4e7563a9-c3cf-0539-eed9-cdf0b0f08e0c,Essential Set 0983,Home,494.67,9821,2026-02-22
a8b40035-27ff-33df-65f4-766694219c21,Basic Widget 0984,Electronics,69.43,79,2026-02-05
7509f12e-79da-ec14-d86a-4c1754f996b7,Modern Kit 0985,Toys,716.36,4826,2026-02-01
a6c8cbe7-d574-2a42-ede9-170f26b5b474,Ultra Item 0986,Beauty,906.54,4820,2026-02-08
675ea43f-1527-f9cc-2393-32b2d623f472,Classic Item 0987,Food,519.93,848,2026-02-12
9d3f3314-8e44-98bf-7d7b-c381fa212821,Pro Item 0988,Books,967.00,1392,2026-02-11
b7318622-4d8d-9283-bc7c-58cdfa9c800e,Basic Widget 0989,Beauty,319.39,2726,2026-02-21
54814f15-74e2-94e3-f742-c0c340aba249,Ultra Bundle 0990,Food,16.35,220,2026-02-14
26f29800-1be3-23fd-9289-85e656ece23a,Premium Set 0991,Home,101.53,2429,2026-02-08
a37038f5-77a2-af3a-bf5c-9b13bc556837,Deluxe Bundle 0992,Electronics,880.23,4601,2026-02-28
3b25dca8-780d-839e-f9c9-a37d6461c748,Essential Set 0993,Food,610.03,1528,2026-02-28
fcff0298-c3fd-5d23-b85c-ce533de2e422,Ultra Widget 0994,Toys,677.45,191,2026-02-10
68625e67-c2d2-50d9-85bc-66eb1526c39c,Premium Set 0995,Clothing,515.90,3993,2026-02-13
d9559972-86ac-0719-f31b-39136d693061,Essential Kit 0996,Sports,869.19,9797,2026-02-12
b4507c6f-d597-fbdd-324c-23478240238f,Classic Item 0997,Food,746.23,7606,2026-02-26
85bc237b-c8b5-16d4-bd63-61066d3ac077,Essential Bundle 0998,Home,427.32,629,2026-02-26
2181f328-899c-d293-45ce-e97caaeaa4e3,Modern Pack 0999,Beauty,79.25,4860,2026-02-01
cc9fbd05-920d-ffdb-10d2-dfd10363b333,Basic Set 1000,Electronics,925.01,2141,2026-02-14
